Dates;PX_LAST
28/05/2021;139,6
27/05/2021;136,8
26/05/2021;143,9
25/05/2021;151,2
24/05/2021;152,2
21/05/2021;154,7
20/05/2021;141,8
19/05/2021;142,7
18/05/2021;143,6
17/05/2021;144,5
14/05/2021;146,9
13/05/2021;147,7
12/05/2021;146,1
11/05/2021;134,7
10/05/2021;135,7
07/05/2021;126,3
06/05/2021;89,8
05/05/2021;88,8
04/05/2021;73,8
03/05/2021;78,2
30/04/2021;85,7
29/04/2021;76,7
28/04/2021;74,1
27/04/2021;74,5
26/04/2021;76,5
23/04/2021;79,6
22/04/2021;80,3
21/04/2021;80,9
20/04/2021;65,3
19/04/2021;65,9
16/04/2021;55,1
15/04/2021;55,6
14/04/2021;47,2
13/04/2021;45,9
12/04/2021;51,7
09/04/2021;54
08/04/2021;54,4
07/04/2021;54,8
06/04/2021;54,4
05/04/2021;54,2
01/04/2021;42,6
31/03/2021;53,5
30/03/2021;43,8
29/03/2021;44
26/03/2021;47,8
25/03/2021;40,4
24/03/2021;41,2
23/03/2021;41,8
22/03/2021;40,2
19/03/2021;45,5
18/03/2021;46,5
17/03/2021;47,3
16/03/2021;43,5
15/03/2021;44,2
12/03/2021;37,4
11/03/2021;42,8
10/03/2021;42,9
09/03/2021;43,4
08/03/2021;44,4
05/03/2021;47,8
04/03/2021;48,6
03/03/2021;49,3
02/03/2021;21,7
01/03/2021;13,1
26/02/2021;5,6
25/02/2021;-1,2
24/02/2021;5,4
23/02/2021;10,6
22/02/2021;13,5
19/02/2021;18,7
18/02/2021;19,7
17/02/2021;20,6
16/02/2021;21,3
15/02/2021;21,9
12/02/2021;23,5
11/02/2021;19,8
10/02/2021;20,2
09/02/2021;60,2
08/02/2021;61,6
05/02/2021;61,1
04/02/2021;61,3
03/02/2021;61,5
02/02/2021;61,7
01/02/2021;26,4
29/01/2021;27,2
28/01/2021;18,4
27/01/2021;17,1
26/01/2021;24,8
25/01/2021;25,3
22/01/2021;26,5
21/01/2021;27
20/01/2021;27,3
19/01/2021;27,5
18/01/2021;27,7
15/01/2021;26,7
14/01/2021;38
13/01/2021;38,2
12/01/2021;29
11/01/2021;29,4
08/01/2021;30,6
07/01/2021;36,2
06/01/2021;36,5
05/01/2021;36,7
04/01/2021;36,1
31/12/2020;37,1
30/12/2020;37,3
29/12/2020;31
28/12/2020;23,4
24/12/2020;27,6
23/12/2020;28,2
22/12/2020;16,7
21/12/2020;16,5
18/12/2020;17,8
17/12/2020;17,2
16/12/2020;17,6
15/12/2020;17,8
14/12/2020;18,1
11/12/2020;25,1
10/12/2020;23,9
09/12/2020;12,2
08/12/2020;11
07/12/2020;14,8
04/12/2020;19,8
03/12/2020;20,9
02/12/2020;45,4
01/12/2020;59,1
30/11/2020;64,9
27/11/2020;61,7
26/11/2020;42,3
25/11/2020;30,1
24/11/2020;28,7
23/11/2020;25,9
20/11/2020;28,2
19/11/2020;29,2
18/11/2020;30
17/11/2020;31,2
16/11/2020;32,2
13/11/2020;34,1
12/11/2020;29,7
11/11/2020;26,6
10/11/2020;37,2
09/11/2020;38
06/11/2020;49,3
05/11/2020;51,3
04/11/2020;53
03/11/2020;53,4
02/11/2020;54,3
30/10/2020;59,3
29/10/2020;57,3
28/10/2020;58,5
27/10/2020;59,6
26/10/2020;55,8
23/10/2020;54,7
22/10/2020;56,5
21/10/2020;56,9
20/10/2020;57,2
19/10/2020;57,6
16/10/2020;58,7
15/10/2020;59,1
14/10/2020;57,7
13/10/2020;56,9
12/10/2020;57,2
09/10/2020;52,4
08/10/2020;51,2
07/10/2020;49,4
06/10/2020;44
05/10/2020;40,7
02/10/2020;52,7
01/10/2020;72,7
30/09/2020;52,6
29/09/2020;51,3
28/09/2020;51
25/09/2020;59,7
24/09/2020;63,5
23/09/2020;66,4
22/09/2020;68,1
21/09/2020;70,2
18/09/2020;75,3
17/09/2020;76,6
16/09/2020;77,9
15/09/2020;79
14/09/2020;80,4
11/09/2020;71,7
10/09/2020;81,1
09/09/2020;51,5
08/09/2020;51
07/09/2020;50,7
04/09/2020;50,2
03/09/2020;50,2
02/09/2020;17,9
01/09/2020;25,5
31/08/2020;69,7
28/08/2020;89,7
27/08/2020;88,6
26/08/2020;92,4
25/08/2020;96
24/08/2020;102,1
21/08/2020;106,3
20/08/2020;105,4
19/08/2020;108
18/08/2020;110,3
17/08/2020;111,2
14/08/2020;115,1
13/08/2020;117,3
12/08/2020;115,1
11/08/2020;86,5
10/08/2020;88,5
07/08/2020;100,8
06/08/2020;103,2
05/08/2020;107,7
04/08/2020;109,7
03/08/2020;102,5
31/07/2020;99,5
30/07/2020;98,9
29/07/2020;130,2
28/07/2020;130,3
27/07/2020;113,3
24/07/2020;121,6
23/07/2020;124,6
22/07/2020;126,4
21/07/2020;128,4
20/07/2020;130
17/07/2020;133,7
16/07/2020;134,8
15/07/2020;135,8
14/07/2020;136,8
13/07/2020;161,2
10/07/2020;163,8
09/07/2020;195,6
08/07/2020;196,4
07/07/2020;139,5
06/07/2020;140,2
03/07/2020;146
02/07/2020;147,9
01/07/2020;156,6
30/06/2020;158
29/06/2020;112,6
26/06/2020;116,7
25/06/2020;118,5
24/06/2020;120
23/06/2020;121,3
22/06/2020;122,3
19/06/2020;122,9
18/06/2020;123,1
17/06/2020;121,3
16/06/2020;126,6
15/06/2020;154,8
12/06/2020;156,5
11/06/2020;157,1
10/06/2020;157,7
09/06/2020;158,3
08/06/2020;158,9
05/06/2020;160,9
04/06/2020;161,5
03/06/2020;162,2
02/06/2020;66,8
01/06/2020;71,3
29/05/2020;77,5
28/05/2020;76,3
27/05/2020;49,2
26/05/2020;50,6
22/05/2020;59,4
21/05/2020;60,3
20/05/2020;70
19/05/2020;70,9
18/05/2020;72,9
15/05/2020;76,6
14/05/2020;68,5
13/05/2020;69,4
12/05/2020;42,1
11/05/2020;46,2
08/05/2020;45,8
07/05/2020;46
06/05/2020;46,2
05/05/2020;46,5
04/05/2020;78,2
01/05/2020;77,4
30/04/2020;77,3
29/04/2020;70
28/04/2020;64,2
27/04/2020;44,8
24/04/2020;41,2
23/04/2020;37,1
22/04/2020;36,4
21/04/2020;37,6
20/04/2020;36,4
17/04/2020;34,6
16/04/2020;34,1
15/04/2020;33,8
14/04/2020;33,5
13/04/2020;34,5
09/04/2020;30,1
08/04/2020;29,5
07/04/2020;37,1
06/04/2020;9,3
03/04/2020;5,6
02/04/2020;4,8
01/04/2020;5,1
31/03/2020;-20,5
30/03/2020;-20,7
27/03/2020;-18,1
26/03/2020;-21,7
25/03/2020;-18,4
24/03/2020;-19,4
23/03/2020;-6,7
20/03/2020;-6,8
19/03/2020;-6,9
18/03/2020;-7
17/03/2020;-6,4
16/03/2020;-6,2
13/03/2020;-6
12/03/2020;-5,9
11/03/2020;-5,9
10/03/2020;-5,8
09/03/2020;-5,8
06/03/2020;-2,7
05/03/2020;-2,2
04/03/2020;-1,7
03/03/2020;-5,4
02/03/2020;-21,3
28/02/2020;-19,7
27/02/2020;-21,6
26/02/2020;-25,5
25/02/2020;-25,1
24/02/2020;-24,8
21/02/2020;-24,8
20/02/2020;-26,4
19/02/2020;-34,2
18/02/2020;-34,4
17/02/2020;-34,5
14/02/2020;-34,7
13/02/2020;-34,6
12/02/2020;-24,8
11/02/2020;-28
10/02/2020;-27,4
07/02/2020;-24,9
06/02/2020;-24,3
05/02/2020;-23,9
04/02/2020;-23,5
03/02/2020;-15,7
31/01/2020;-15,7
30/01/2020;-15,9
29/01/2020;-0,9
28/01/2020;-1,8
27/01/2020;-2,5
24/01/2020;0,9
23/01/2020;-1,4
22/01/2020;4,2
21/01/2020;4
20/01/2020;4,9
17/01/2020;4,9
16/01/2020;4,8
15/01/2020;2,7
14/01/2020;13,7
13/01/2020;15,3
10/01/2020;15,5
09/01/2020;15,5
08/01/2020;27,7
07/01/2020;27,2
06/01/2020;25,9
03/01/2020;24,2
02/01/2020;19,1
31/12/2019;18,6
30/12/2019;18,4
27/12/2019;19,4
26/12/2019;14,8
24/12/2019;14,4
23/12/2019;14,5
20/12/2019;16,2
19/12/2019;12,2
18/12/2019;13,7
17/12/2019;14,2
16/12/2019;14,6
13/12/2019;15,5
12/12/2019;14,4
11/12/2019;6,3
10/12/2019;2,8
09/12/2019;4,7
06/12/2019;14,3
05/12/2019;16
04/12/2019;17,4
03/12/2019;24
02/12/2019;14
29/11/2019;11,4
28/11/2019;10,6
27/11/2019;10,2
26/11/2019;10,3
25/11/2019;12,4
22/11/2019;20,5
21/11/2019;21,8
20/11/2019;22,5
19/11/2019;23
18/11/2019;23,7
15/11/2019;25,2
14/11/2019;25,6
13/11/2019;21,8
12/11/2019;21,1
11/11/2019;15,5
08/11/2019;17,2
07/11/2019;18
06/11/2019;18,6
05/11/2019;17,7
04/11/2019;17,4
01/11/2019;19,2
31/10/2019;24,2
30/10/2019;25,4
29/10/2019;23,8
28/10/2019;23,1
25/10/2019;21,9
24/10/2019;21,7
23/10/2019;15,4
22/10/2019;15,2
21/10/2019;18
18/10/2019;16,6
17/10/2019;12,9
16/10/2019;12,6
15/10/2019;12,4
14/10/2019;12,2
11/10/2019;14
10/10/2019;17,2
09/10/2019;23,9
08/10/2019;25,3
07/10/2019;25,6
04/10/2019;26,3
03/10/2019;26,5
02/10/2019;26,6
01/10/2019;35,7
30/09/2019;23,7
27/09/2019;24,7
26/09/2019;29,3
25/09/2019;26,8
24/09/2019;26,4
23/09/2019;25,8
20/09/2019;15,7
19/09/2019;15,5
18/09/2019;15,4
17/09/2019;15,3
16/09/2019;15,2
13/09/2019;15,1
12/09/2019;11,8
11/09/2019;2,3
10/09/2019;-19,9
09/09/2019;-20,2
06/09/2019;-22,7
05/09/2019;-23,2
04/09/2019;-23,6
03/09/2019;-23,9
02/09/2019;-3,1
30/08/2019;-8,2
29/08/2019;-11,9
28/08/2019;-26,6
27/08/2019;-27,5
26/08/2019;-29,1
23/08/2019;-31,8
22/08/2019;-31,8
21/08/2019;-32,8
20/08/2019;-33
19/08/2019;-33,1
16/08/2019;-33,7
15/08/2019;-33,9
14/08/2019;-34,1
13/08/2019;-34,3
12/08/2019;-34,5
09/08/2019;-44,6
08/08/2019;-36,3
07/08/2019;-37,2
06/08/2019;-28,4
05/08/2019;-32,5
02/08/2019;-38,6
01/08/2019;-31,1
31/07/2019;-34,3
30/07/2019;-39,9
29/07/2019;-43,4
26/07/2019;-49,7
25/07/2019;-51,2
24/07/2019;-44,4
23/07/2019;-45,6
22/07/2019;-49,6
19/07/2019;-59,1
18/07/2019;-61,1
17/07/2019;-62,8
16/07/2019;-64,3
15/07/2019;-65,7
12/07/2019;-69,8
11/07/2019;-81,2
10/07/2019;-79,3
09/07/2019;-80,6
08/07/2019;-81,8
05/07/2019;-82,3
04/07/2019;-82,5
03/07/2019;-82,8
02/07/2019;-83,2
01/07/2019;-86,9
28/06/2019;-92,2
27/06/2019;-89,5
26/06/2019;-93,9
25/06/2019;-95
24/06/2019;-94,9
21/06/2019;-92
20/06/2019;-91,7
19/06/2019;-91,6
18/06/2019;-91,6
17/06/2019;-91
14/06/2019;-90,9
13/06/2019;-89,9
12/06/2019;-89,5
11/06/2019;-83,1
10/06/2019;-81,7
07/06/2019;-84,6
06/06/2019;-85,1
05/06/2019;-85,6
04/06/2019;-86
03/06/2019;-68,2
31/05/2019;-70,4
30/05/2019;-71,4
29/05/2019;-66,9
28/05/2019;-68,6
24/05/2019;-87,4
23/05/2019;-88,4
22/05/2019;-90,4
21/05/2019;-91,3
20/05/2019;-92,2
17/05/2019;-93,6
16/05/2019;-94,1
15/05/2019;-94,6
14/05/2019;-91,7
13/05/2019;-81
10/05/2019;-90,8
09/05/2019;-92,6
08/05/2019;-71,4
07/05/2019;-72,7
06/05/2019;-73,8
03/05/2019;-78,8
02/05/2019;-51,6
01/05/2019;-53,1
30/04/2019;-54
29/04/2019;-59,4
26/04/2019;-61,9
25/04/2019;-62,4
24/04/2019;-59,8
23/04/2019;-41
22/04/2019;-41,9
18/04/2019;-43,9
17/04/2019;-44,4
16/04/2019;-44,8
15/04/2019;-45,2
12/04/2019;-37
11/04/2019;-34,6
10/04/2019;-33,8
09/04/2019;-33,1
08/04/2019;-43,3
05/04/2019;-43,9
04/04/2019;-44,1
03/04/2019;-44,3
02/04/2019;-44,4
01/04/2019;-25,9
29/03/2019;-22,2
28/03/2019;-21,9
27/03/2019;-21,3
26/03/2019;-21,3
25/03/2019;-31,9
22/03/2019;-35,6
21/03/2019;-35,4
20/03/2019;-40,2
19/03/2019;-39,8
18/03/2019;-39,6
15/03/2019;-36,1
14/03/2019;-37,4
13/03/2019;-46,5
12/03/2019;-31,7
11/03/2019;-32,5
08/03/2019;-33,4
07/03/2019;-33,5
06/03/2019;-33,6
05/03/2019;-33,7
04/03/2019;-33,8
01/03/2019;-29,5
28/02/2019;-23,7
27/02/2019;-8,8
26/02/2019;-9,5
25/02/2019;-11,3
22/02/2019;-16,2
21/02/2019;-16,4
20/02/2019;-16,6
19/02/2019;-19,6
18/02/2019;-19,8
15/02/2019;-20,7
14/02/2019;-22,8
13/02/2019;-24,9
12/02/2019;4,6
11/02/2019;4,3
08/02/2019;-1,1
07/02/2019;-2,4
06/02/2019;-3,4
05/02/2019;-4,3
04/02/2019;-5
01/02/2019;7,2
31/01/2019;3,7
30/01/2019;7,5
29/01/2019;5,5
28/01/2019;2,5
25/01/2019;-6,2
24/01/2019;-7,1
23/01/2019;-5,4
22/01/2019;-7,4
21/01/2019;-7,8
18/01/2019;-7,6
17/01/2019;-7,6
16/01/2019;-8,2
15/01/2019;-8,3
14/01/2019;-31,7
11/01/2019;-29
10/01/2019;-28,5
09/01/2019;-28,2
08/01/2019;-27,9
07/01/2019;-17,4
04/01/2019;-11,2
03/01/2019;-10
02/01/2019;-27,8
31/12/2018;-26,2
28/12/2018;-29
27/12/2018;-26,9
26/12/2018;-27,4
24/12/2018;-27,6
21/12/2018;-26,4
20/12/2018;-27,5
19/12/2018;-27
18/12/2018;-26,9
17/12/2018;-26,7
14/12/2018;-31,1
13/12/2018;-28,5
12/12/2018;-21,6
11/12/2018;-23,3
10/12/2018;-27,5
07/12/2018;-33,3
06/12/2018;-34,5
05/12/2018;-35,4
04/12/2018;-36,3
03/12/2018;-20
30/11/2018;-17
29/11/2018;-2,4
28/11/2018;-1,8
27/11/2018;-1,9
26/11/2018;-12
23/11/2018;-11,9
22/11/2018;-11,9
21/11/2018;-10,9
20/11/2018;-10,9
19/11/2018;-9,3
16/11/2018;-7,1
15/11/2018;-5,8
14/11/2018;-5,5
13/11/2018;-1,1
12/11/2018;14,2
09/11/2018;17,1
08/11/2018;17,9
07/11/2018;18,5
06/11/2018;17,5
05/11/2018;17,1
02/11/2018;16,8
01/11/2018;23,2
31/10/2018;36,9
30/10/2018;37
29/10/2018;32,8
26/10/2018;26,2
25/10/2018;25,1
24/10/2018;22,2
23/10/2018;22,8
22/10/2018;14,4
19/10/2018;12,1
18/10/2018;11,1
17/10/2018;10,3
16/10/2018;5,7
15/10/2018;-3,5
12/10/2018;-5,2
11/10/2018;-5,7
10/10/2018;-35
09/10/2018;-35,1
08/10/2018;-35,1
05/10/2018;-35,7
04/10/2018;-35,9
03/10/2018;-36,1
02/10/2018;-36,3
01/10/2018;-18,3
28/09/2018;-11,4
27/09/2018;-12,4
26/09/2018;-11,3
25/09/2018;-11,1
24/09/2018;-10,8
21/09/2018;-20,3
20/09/2018;-18,1
19/09/2018;-18
18/09/2018;-17,9
17/09/2018;-18,4
14/09/2018;-25,5
13/09/2018;-12,3
12/09/2018;9,9
11/09/2018;9,6
10/09/2018;10,2
07/09/2018;14,7
06/09/2018;15,5
05/09/2018;16,1
04/09/2018;16,7
03/09/2018;-2
31/08/2018;0
30/08/2018;2,9
29/08/2018;3
28/08/2018;3
27/08/2018;3,1
24/08/2018;5,4
23/08/2018;5,9
22/08/2018;-4,6
21/08/2018;-4,3
20/08/2018;-4,1
17/08/2018;-3,6
16/08/2018;-3,5
15/08/2018;-3,3
14/08/2018;-3,4
13/08/2018;-11,7
10/08/2018;-13
09/08/2018;-3,3
08/08/2018;-3,3
07/08/2018;-1,7
06/08/2018;-0,7
03/08/2018;1
02/08/2018;1,4
01/08/2018;29,6
31/07/2018;30
30/07/2018;23,3
27/07/2018;23,7
26/07/2018;23,1
25/07/2018;21,2
24/07/2018;20,2
23/07/2018;18,3
20/07/2018;24
19/07/2018;23,7
18/07/2018;23,4
17/07/2018;23,1
16/07/2018;22,8
13/07/2018;23
12/07/2018;20
11/07/2018;18,7
10/07/2018;16,8
09/07/2018;11,9
06/07/2018;4,9
05/07/2018;3,4
04/07/2018;2,2
03/07/2018;-22,9
02/07/2018;-24
29/06/2018;-30,1
28/06/2018;-28,8
27/06/2018;-30,2
26/06/2018;-31,4
25/06/2018;-31,1
22/06/2018;-34,2
21/06/2018;-35,5
20/06/2018;-32,3
19/06/2018;-33,1
18/06/2018;-33,9
15/06/2018;-35,3
14/06/2018;-33,6
13/06/2018;-39,1
12/06/2018;-53,5
11/06/2018;-55,1
08/06/2018;-59,1
07/06/2018;-60,2
06/06/2018;-61,1
05/06/2018;-61,9
04/06/2018;-75,6
01/06/2018;-62,3
31/05/2018;-62,5
30/05/2018;-62,8
29/05/2018;-64,8
25/05/2018;-73,3
24/05/2018;-73,1
23/05/2018;-72
22/05/2018;-72,1
21/05/2018;-72,3
18/05/2018;-73,1
17/05/2018;-73,4
16/05/2018;-73,7
15/05/2018;-65,7
14/05/2018;-69,6
11/05/2018;-70,5
10/05/2018;-81,7
09/05/2018;-82
08/05/2018;-84,5
07/05/2018;-86
04/05/2018;-89,1
03/05/2018;-89,9
02/05/2018;-70,7
01/05/2018;-71,8
30/04/2018;-70,9
27/04/2018;-69,7
26/04/2018;-65,8
25/04/2018;-58,1
24/04/2018;-61,5
23/04/2018;-62
20/04/2018;-64
19/04/2018;-64,3
18/04/2018;-64,5
17/04/2018;-64,8
16/04/2018;-65
13/04/2018;-64
12/04/2018;-53,2
11/04/2018;-29,2
10/04/2018;-29,2
09/04/2018;-29,2
06/04/2018;-23,6
05/04/2018;-22,1
04/04/2018;-21
03/04/2018;-18,5
02/04/2018;-2,5
29/03/2018;8,4
28/03/2018;9,9
27/03/2018;9,5
26/03/2018;10,6
23/03/2018;21,3
22/03/2018;21,6
21/03/2018;22,6
20/03/2018;23,5
19/03/2018;24,3
16/03/2018;23,3
15/03/2018;38
14/03/2018;38,8
13/03/2018;39,6
12/03/2018;43,1
09/03/2018;36,5
08/03/2018;35,7
07/03/2018;35,2
06/03/2018;34,8
05/03/2018;28,6
02/03/2018;25
01/03/2018;20,4
28/02/2018;40,3
27/02/2018;36,7
26/02/2018;29,5
23/02/2018;22
22/02/2018;21,9
21/02/2018;21,8
20/02/2018;22,4
19/02/2018;23,4
16/02/2018;27,1
15/02/2018;27,8
14/02/2018;28,4
13/02/2018;28,9
12/02/2018;29,3
09/02/2018;31,9
08/02/2018;46,9
07/02/2018;47,5
06/02/2018;48,1
05/02/2018;48,5
02/02/2018;49,7
01/02/2018;53,2
31/01/2018;42,3
30/01/2018;42,6
29/01/2018;38,4
26/01/2018;38
25/01/2018;42,3
24/01/2018;42,2
23/01/2018;42,1
22/01/2018;42,3
19/01/2018;42,6
18/01/2018;42,6
17/01/2018;42,7
16/01/2018;42,5
15/01/2018;42,4
12/01/2018;39,2
11/01/2018;39,1
10/01/2018;39
09/01/2018;38,9
08/01/2018;15,1
05/01/2018;12
04/01/2018;0,9
03/01/2018;0,4
02/01/2018;-18,5
29/12/2017;-21,6
28/12/2017;-22,3
27/12/2017;-23
26/12/2017;-27,6
22/12/2017;-28,7
21/12/2017;-29
20/12/2017;-29,4
19/12/2017;-33,9
18/12/2017;-34,5
15/12/2017;-35,9
14/12/2017;-36
13/12/2017;-36,1
12/12/2017;-8,2
11/12/2017;-7,4
08/12/2017;-6,5
07/12/2017;-6,4
06/12/2017;-6,3
05/12/2017;-6,2
04/12/2017;-6,1
01/12/2017;18,8
30/11/2017;13,3
29/11/2017;15
28/11/2017;16,5
27/11/2017;19
24/11/2017;23,3
23/11/2017;19,8
22/11/2017;17
21/11/2017;17,9
20/11/2017;10,4
17/11/2017;12,4
16/11/2017;12,8
15/11/2017;13,2
14/11/2017;13,6
13/11/2017;7,7
10/11/2017;10,9
09/11/2017;11,8
08/11/2017;12,6
07/11/2017;13,2
06/11/2017;14,4
03/11/2017;16,8
02/11/2017;17,3
01/11/2017;20,2
31/10/2017;26,6
30/10/2017;27,1
27/10/2017;30,5
26/10/2017;31,3
25/10/2017;31,1
24/10/2017;31,8
23/10/2017;32,4
20/10/2017;34
19/10/2017;36,5
18/10/2017;36,9
17/10/2017;41,1
16/10/2017;42
13/10/2017;43,6
12/10/2017;44
11/10/2017;44,4
10/10/2017;52,3
09/10/2017;51,7
06/10/2017;49,2
05/10/2017;48,9
04/10/2017;48,7
03/10/2017;48,5
02/10/2017;55,7
29/09/2017;60,2
28/09/2017;54,4
27/09/2017;55,2
26/09/2017;54,3
25/09/2017;58,1
22/09/2017;58
21/09/2017;60,5
20/09/2017;60,6
19/09/2017;56,2
18/09/2017;56,3
15/09/2017;57,1
14/09/2017;57,3
13/09/2017;51,3
12/09/2017;50,8
11/09/2017;51,3
08/09/2017;60,6
07/09/2017;63,1
06/09/2017;65,1
05/09/2017;66,7
04/09/2017;58,1
01/09/2017;43,3
31/08/2017;28,8
30/08/2017;29,5
29/08/2017;34,1
28/08/2017;36
25/08/2017;39,9
24/08/2017;40,8
23/08/2017;41,7
22/08/2017;46,6
21/08/2017;48,1
18/08/2017;51,5
17/08/2017;52,4
16/08/2017;53,8
15/08/2017;54,5
14/08/2017;45,7
11/08/2017;49,5
10/08/2017;50,9
09/08/2017;48
08/08/2017;49
07/08/2017;46,1
04/08/2017;43,3
03/08/2017;43
02/08/2017;42,7
01/08/2017;41,5
31/07/2017;34,3
28/07/2017;30,6
27/07/2017;30
26/07/2017;29,5
25/07/2017;28,7
24/07/2017;28,1
21/07/2017;26,8
20/07/2017;22
19/07/2017;21,8
18/07/2017;20,4
17/07/2017;21,3
14/07/2017;21,3
13/07/2017;32,5
12/07/2017;33,1
11/07/2017;40,2
10/07/2017;40,5
07/07/2017;54,6
06/07/2017;56,9
05/07/2017;58,9
04/07/2017;55,9
03/07/2017;44,5
30/06/2017;46,1
29/06/2017;57,3
28/06/2017;57,8
27/06/2017;57
26/06/2017;52,1
23/06/2017;45,6
22/06/2017;44,4
21/06/2017;43,5
20/06/2017;40,4
19/06/2017;41,1
16/06/2017;39,8
15/06/2017;43,3
14/06/2017;43
13/06/2017;42,7
12/06/2017;3,7
09/06/2017;12,6
08/06/2017;14,9
07/06/2017;16,7
06/06/2017;18,1
05/06/2017;19,3
02/06/2017;22
01/06/2017;8,3
31/05/2017;8,8
30/05/2017;13,8
26/05/2017;22,6
25/05/2017;15,3
24/05/2017;16,5
23/05/2017;19,3
22/05/2017;21
19/05/2017;25,3
18/05/2017;26,4
17/05/2017;27,4
16/05/2017;29,2
15/05/2017;27,7
12/05/2017;21,5
11/05/2017;22
10/05/2017;47,5
09/05/2017;48,1
08/05/2017;48,7
05/05/2017;50,4
04/05/2017;50,9
03/05/2017;51,4
02/05/2017;63,7
01/05/2017;66,6
28/04/2017;71
27/04/2017;75,1
26/04/2017;76,2
25/04/2017;78,8
24/04/2017;79,7
21/04/2017;90,2
20/04/2017;102,7
19/04/2017;105,4
18/04/2017;107,6
17/04/2017;109,6
13/04/2017;100,5
12/04/2017;101,8
11/04/2017;60,2
10/04/2017;61,6
07/04/2017;70,3
06/04/2017;72,7
05/04/2017;74,7
04/04/2017;76,4
03/04/2017;83
31/03/2017;88
30/03/2017;98,1
29/03/2017;131,4
28/03/2017;132,8
27/03/2017;133,7
24/03/2017;136,8
23/03/2017;136,8
22/03/2017;137,7
21/03/2017;138,6
20/03/2017;139,4
17/03/2017;145,2
16/03/2017;146,5
15/03/2017;147,6
14/03/2017;148,7
13/03/2017;110,1
10/03/2017;113,9
09/03/2017;115
08/03/2017;116
07/03/2017;112,2
06/03/2017;118,1
03/03/2017;121,1
02/03/2017;92,4
01/03/2017;93
28/02/2017;99,2
27/02/2017;103,1
24/02/2017;116,2
23/02/2017;107,9
22/02/2017;109,9
21/02/2017;112,1
20/02/2017;114,1
17/02/2017;120,7
16/02/2017;116,4
15/02/2017;119,8
14/02/2017;121,3
13/02/2017;126,4
10/02/2017;130,3
09/02/2017;131,4
08/02/2017;132,5
07/02/2017;133,6
06/02/2017;133,9
03/02/2017;135,8
02/02/2017;136,5
01/02/2017;121,2
31/01/2017;130,1
30/01/2017;121,7
27/01/2017;121,8
26/01/2017;118,6
25/01/2017;119
24/01/2017;119,1
23/01/2017;93,9
20/01/2017;82,3
19/01/2017;82,2
18/01/2017;82,1
17/01/2017;82,1
16/01/2017;82,4
13/01/2017;80,2
12/01/2017;74,8
11/01/2017;74,5
10/01/2017;74,3
09/01/2017;52,6
06/01/2017;52,3
05/01/2017;52,2
04/01/2017;66,2
03/01/2017;66,2
30/12/2016;48,6
29/12/2016;54,3
28/12/2016;54
27/12/2016;50,3
23/12/2016;47,7
22/12/2016;47,3
21/12/2016;47
20/12/2016;35,8
19/12/2016;35,6
16/12/2016;33,9
15/12/2016;33,1
14/12/2016;30,3
13/12/2016;29,8
12/12/2016;25,8
09/12/2016;24
08/12/2016;23,5
07/12/2016;23,1
06/12/2016;22,7
05/12/2016;22,4
02/12/2016;21,6
01/12/2016;-15,2
30/11/2016;-15,5
29/11/2016;-30,2
28/11/2016;-35,6
25/11/2016;-38
24/11/2016;-39,3
23/11/2016;-39,8
22/11/2016;-40,3
21/11/2016;-47
18/11/2016;-47,5
17/11/2016;-47,7
16/11/2016;-48,2
15/11/2016;-48,4
14/11/2016;-48,6
11/11/2016;-49,2
10/11/2016;-49,4
09/11/2016;-45
08/11/2016;-44,3
07/11/2016;-44
04/11/2016;-41,3
03/11/2016;-40,6
02/11/2016;-40,1
01/11/2016;-31,2
31/10/2016;-34,4
28/10/2016;-34,9
27/10/2016;-33,1
26/10/2016;-28,4
25/10/2016;-27,4
24/10/2016;-23,4
21/10/2016;-23,3
20/10/2016;-23,3
19/10/2016;-25,1
18/10/2016;-20,3
17/10/2016;-14,5
14/10/2016;-14,4
13/10/2016;-14,4
12/10/2016;-14,4
11/10/2016;-14,3
10/10/2016;-15,4
07/10/2016;-24,2
06/10/2016;-26,5
05/10/2016;-28,2
04/10/2016;-27,3
03/10/2016;-23,8
30/09/2016;-27,3
29/09/2016;-26,6
28/09/2016;-23,1
27/09/2016;-23,9
26/09/2016;-24,7
23/09/2016;-25,9
22/09/2016;-26,2
21/09/2016;-26,5
20/09/2016;-26,7
19/09/2016;-27
16/09/2016;-20,6
15/09/2016;-20,8
14/09/2016;-21
13/09/2016;-21,2
12/09/2016;-18,7
09/09/2016;-20,5
08/09/2016;-20,9
07/09/2016;-21,3
06/09/2016;-21,7
05/09/2016;-22
02/09/2016;-22,9
01/09/2016;-26,9
31/08/2016;-27,2
30/08/2016;-20
29/08/2016;-14,5
26/08/2016;1,9
25/08/2016;5,6
24/08/2016;8,1
23/08/2016;8,3
22/08/2016;10,1
19/08/2016;14,1
18/08/2016;15,4
17/08/2016;16,5
16/08/2016;17,6
15/08/2016;18,3
12/08/2016;20,4
11/08/2016;15,4
10/08/2016;16
09/08/2016;16
08/08/2016;6
05/08/2016;3,4
04/08/2016;3,1
03/08/2016;2,9
02/08/2016;2,9
01/08/2016;7,7
29/07/2016;7
28/07/2016;0
27/07/2016;4,6
26/07/2016;4,9
25/07/2016;4,8
22/07/2016;4,7
21/07/2016;4,5
20/07/2016;4,4
19/07/2016;5
18/07/2016;5,4
15/07/2016;6,6
14/07/2016;6,9
13/07/2016;14,4
12/07/2016;14,6
11/07/2016;45,1
08/07/2016;49,7
07/07/2016;50,9
06/07/2016;51,9
05/07/2016;52,8
04/07/2016;53,5
01/07/2016;59,4
30/06/2016;59,9
29/06/2016;60,3
28/06/2016;61,7
27/06/2016;62,8
24/06/2016;58,7
23/06/2016;57,7
22/06/2016;57,7
21/06/2016;57,8
20/06/2016;57,9
17/06/2016;55
16/06/2016;54,5
15/06/2016;58,2
14/06/2016;58
13/06/2016;59,6
10/06/2016;57,8
09/06/2016;56,8
08/06/2016;56,2
07/06/2016;55,7
06/06/2016;52,2
03/06/2016;47,3
02/06/2016;46,3
01/06/2016;8,1
31/05/2016;-14,9
27/05/2016;-17
26/05/2016;-15,7
25/05/2016;-14,6
24/05/2016;-13,3
23/05/2016;-13,5
20/05/2016;-9,9
19/05/2016;-9
18/05/2016;-6,6
17/05/2016;-6
16/05/2016;-5,4
13/05/2016;-4,3
12/05/2016;0,2
11/05/2016;0,5
10/05/2016;12,1
09/05/2016;12,4
06/05/2016;13,1
05/05/2016;13,4
04/05/2016;13,6
03/05/2016;13,8
02/05/2016;17,2
29/04/2016;16,7
28/04/2016;14,1
27/04/2016;14,1
26/04/2016;14
25/04/2016;15
22/04/2016;27
21/04/2016;24,9
20/04/2016;26,6
19/04/2016;26,2
18/04/2016;29,5
15/04/2016;35,1
14/04/2016;36,5
13/04/2016;37,7
12/04/2016;39,7
11/04/2016;25,6
08/04/2016;33,1
07/04/2016;34,7
06/04/2016;36,1
05/04/2016;37,3
04/04/2016;34,8
01/04/2016;35,9
31/03/2016;28,2
30/03/2016;28,5
29/03/2016;42,3
28/03/2016;42,6
25/03/2016;41,5
24/03/2016;41,2
23/03/2016;41,1
22/03/2016;47,7
21/03/2016;47
18/03/2016;49,3
17/03/2016;49,2
16/03/2016;49,2
15/03/2016;49,7
14/03/2016;51,5
11/03/2016;73,7
10/03/2016;75,8
09/03/2016;97,5
08/03/2016;99,1
07/03/2016;100,5
04/03/2016;103,9
03/03/2016;94
02/03/2016;90,1
01/03/2016;77,9
29/02/2016;77,2
26/02/2016;65,7
25/02/2016;61,1
24/02/2016;54
23/02/2016;53,2
22/02/2016;51,3
19/02/2016;51,3
18/02/2016;51,4
17/02/2016;51,6
16/02/2016;51,7
15/02/2016;51,5
12/02/2016;48,7
11/02/2016;48,2
10/02/2016;47,9
09/02/2016;47,6
08/02/2016;49,1
05/02/2016;50,9
04/02/2016;51,3
03/02/2016;51,6
02/02/2016;51,9
01/02/2016;56,7
29/01/2016;64,4
28/01/2016;65,7
27/01/2016;60,3
26/01/2016;61,2
25/01/2016;33,1
22/01/2016;35,9
21/01/2016;36,4
20/01/2016;23,6
19/01/2016;25,2
18/01/2016;26,8
15/01/2016;29,9
14/01/2016;24,3
13/01/2016;25
12/01/2016;11,9
11/01/2016;12,3
08/01/2016;9,6
07/01/2016;9,3
06/01/2016;33
05/01/2016;32,9
04/01/2016;25,9
01/01/2016;26
31/12/2015;26,1
30/12/2015;26,1
29/12/2015;28,7
28/12/2015;39,3
24/12/2015;44,9
23/12/2015;50,2
22/12/2015;50,9
21/12/2015;51,8
18/12/2015;55,9
17/12/2015;53,5
16/12/2015;45,3
15/12/2015;15,9
14/12/2015;16,6
11/12/2015;19,2
10/12/2015;19,8
09/12/2015;20,3
08/12/2015;20,9
07/12/2015;21,3
04/12/2015;22,6
03/12/2015;23
02/12/2015;33,1
01/12/2015;33,5
30/11/2015;48
27/11/2015;38,4
26/11/2015;39,9
25/11/2015;36
24/11/2015;31,6
23/11/2015;28,8
20/11/2015;21,6
19/11/2015;19,9
18/11/2015;24,1
17/11/2015;29,4
16/11/2015;27
13/11/2015;23,4
12/11/2015;22,5
11/11/2015;10,4
10/11/2015;9,6
09/11/2015;8,9
06/11/2015;7,7
05/11/2015;7,3
04/11/2015;6,9
03/11/2015;-16,5
02/11/2015;-16,9
30/10/2015;-12,7
29/10/2015;-11,6
28/10/2015;-19,1
27/10/2015;-19,5
26/10/2015;-19,6
23/10/2015;-15,5
22/10/2015;-23,1
21/10/2015;-26,8
20/10/2015;-26,9
19/10/2015;-27
16/10/2015;-26,4
15/10/2015;-24,7
14/10/2015;-24,8
13/10/2015;-13,6
12/10/2015;-13,9
09/10/2015;-16,7
08/10/2015;-17,5
07/10/2015;-18,1
06/10/2015;-18,6
05/10/2015;-19
02/10/2015;-20,1
01/10/2015;-36,8
30/09/2015;-37,2
29/09/2015;-44,5
28/09/2015;-40,8
25/09/2015;-34,7
24/09/2015;-33,9
23/09/2015;-35
22/09/2015;-34,7
21/09/2015;-41,6
18/09/2015;-42,1
17/09/2015;-41,9
16/09/2015;-41,7
15/09/2015;-45,9
14/09/2015;-46,3
11/09/2015;-51,7
10/09/2015;-53,1
09/09/2015;-54,2
08/09/2015;-55,1
07/09/2015;-55,9
04/09/2015;-57,7
03/09/2015;-58,2
02/09/2015;-58,7
01/09/2015;-24,1
31/08/2015;-24,5
28/08/2015;-21,8
27/08/2015;2
26/08/2015;2,5
25/08/2015;3,8
24/08/2015;4
21/08/2015;7,9
20/08/2015;7,4
19/08/2015;16,2
18/08/2015;13,2
17/08/2015;12,1
14/08/2015;10,5
13/08/2015;10,2
12/08/2015;9,9
11/08/2015;7,4
10/08/2015;5,4
07/08/2015;2,6
06/08/2015;2
05/08/2015;1,5
04/08/2015;1
03/08/2015;-21,8
31/07/2015;-22,7
30/07/2015;-16,8
29/07/2015;-17
28/07/2015;-17,2
27/07/2015;-17,5
24/07/2015;-19,2
23/07/2015;-19,6
22/07/2015;-20
21/07/2015;-22,8
20/07/2015;-22,5
17/07/2015;-20
16/07/2015;-12,5
15/07/2015;-15,2
14/07/2015;-15,2
13/07/2015;-6,3
10/07/2015;-6
09/07/2015;-6,2
08/07/2015;-6,3
07/07/2015;-6,5
06/07/2015;-6,6
03/07/2015;-6,8
02/07/2015;-6,8
01/07/2015;-33,3
30/06/2015;-33,5
29/06/2015;-30,6
26/06/2015;-25,8
25/06/2015;-23,9
24/06/2015;-19,5
23/06/2015;-15,7
22/06/2015;-13,8
19/06/2015;-13,5
18/06/2015;-6,4
17/06/2015;-5,8
16/06/2015;-5,2
15/06/2015;13,8
12/06/2015;13,4
11/06/2015;13,2
10/06/2015;13,1
09/06/2015;16,1
08/06/2015;17,9
05/06/2015;21,1
04/06/2015;21,9
03/06/2015;22,5
02/06/2015;23,2
01/06/2015;9,3
29/05/2015;7,3
28/05/2015;1,7
27/05/2015;1,4
26/05/2015;-0,6
22/05/2015;9,2
21/05/2015;12,4
20/05/2015;15,5
19/05/2015;15,2
18/05/2015;15
15/05/2015;14,4
14/05/2015;14,3
13/05/2015;25,2
12/05/2015;25,1
11/05/2015;26,3
08/05/2015;21,5
07/05/2015;20,8
06/05/2015;20,2
05/05/2015;25,5
04/05/2015;16,9
01/05/2015;14,6
30/04/2015;14,7
29/04/2015;14,2
28/04/2015;15,9
27/04/2015;16,9
24/04/2015;14,4
23/04/2015;7,3
22/04/2015;6,5
21/04/2015;3,4
20/04/2015;2,8
17/04/2015;1,2
16/04/2015;0,8
15/04/2015;0,4
14/04/2015;-7,9
13/04/2015;2
10/04/2015;6,2
09/04/2015;6,8
08/04/2015;7,3
07/04/2015;7,6
06/04/2015;4,9
03/04/2015;1,9
02/04/2015;1,4
01/04/2015;-18,5
31/03/2015;-30,2
30/03/2015;-21,2
27/03/2015;-23,2
26/03/2015;-46,2
25/03/2015;-43,4
24/03/2015;-42,7
23/03/2015;-41,6
20/03/2015;-43
19/03/2015;-43,4
18/03/2015;-37,8
17/03/2015;-38
16/03/2015;-38,2
13/03/2015;-35,7
12/03/2015;-56,3
11/03/2015;-57,1
10/03/2015;-56,6
09/03/2015;-56,5
06/03/2015;-56,8
05/03/2015;-57
04/03/2015;-57,2
03/03/2015;-55,2
02/03/2015;-44,7
27/02/2015;-47,6
26/02/2015;-36,6
25/02/2015;-31,8
24/02/2015;-32,3
23/02/2015;-35,9
20/02/2015;-36,8
19/02/2015;-36,9
18/02/2015;-37,1
17/02/2015;-37,3
16/02/2015;-37,5
13/02/2015;-36,3
12/02/2015;-35,9
11/02/2015;-43,9
10/02/2015;-25,6
09/02/2015;-26,8
06/02/2015;-29
05/02/2015;-29,5
04/02/2015;-29,9
03/02/2015;-30,3
02/02/2015;-25,3
30/01/2015;-26,4
29/01/2015;-26,7
28/01/2015;-24,2
27/01/2015;-26,1
26/01/2015;-27,3
23/01/2015;-22,5
22/01/2015;-22,1
21/01/2015;-22,6
20/01/2015;-22,8
19/01/2015;-22,5
16/01/2015;-22,6
15/01/2015;-25,7
14/01/2015;-27,9
13/01/2015;-41,7
12/01/2015;-42,8
09/01/2015;-44,3
08/01/2015;-44,7
07/01/2015;-25,1
06/01/2015;-25,4
05/01/2015;-27,4
02/01/2015;-28,1
31/12/2014;-28,5
30/12/2014;-28,7
29/12/2014;-29,5
26/12/2014;-27,2
24/12/2014;-29,3
23/12/2014;-30,1
22/12/2014;-31,1
19/12/2014;-30,3
18/12/2014;-31,5
17/12/2014;-31,7
16/12/2014;-31,8
15/12/2014;-32
12/12/2014;-23,4
11/12/2014;-31,6
10/12/2014;-31,8
09/12/2014;-29,8
08/12/2014;-32,6
05/12/2014;-36,1
04/12/2014;-36,8
03/12/2014;-37,5
02/12/2014;-38
01/12/2014;-28,8
28/11/2014;-25,2
27/11/2014;-24,3
26/11/2014;-22,7
25/11/2014;-25,1
24/11/2014;-26,3
21/11/2014;-31
20/11/2014;-31,5
19/11/2014;-31,9
18/11/2014;-35,4
17/11/2014;-35,5
14/11/2014;-40,4
13/11/2014;-25,1
12/11/2014;-25,3
11/11/2014;-25,4
10/11/2014;-29,6
07/11/2014;-35,3
06/11/2014;-36,5
05/11/2014;-37,5
04/11/2014;-38,4
03/11/2014;-38,3
31/10/2014;-37,7
30/10/2014;-26,1
29/10/2014;-25,5
28/10/2014;-23,5
27/10/2014;-22,4
24/10/2014;-20,6
23/10/2014;-21,8
22/10/2014;-25,1
21/10/2014;-24,8
20/10/2014;-24,6
17/10/2014;-24,1
16/10/2014;-24
15/10/2014;-17,6
14/10/2014;-19,2
13/10/2014;-19,3
10/10/2014;-16,1
09/10/2014;-15,6
08/10/2014;-15,3
07/10/2014;-14,9
06/10/2014;-14,6
03/10/2014;-14
02/10/2014;-13,8
01/10/2014;-9,8
30/09/2014;-9,7
29/09/2014;4
26/09/2014;-0,1
25/09/2014;-1,6
24/09/2014;-0,9
23/09/2014;-10,9
22/09/2014;-11,6
19/09/2014;-13,9
18/09/2014;-14,3
17/09/2014;-14,7
16/09/2014;-15,1
15/09/2014;-15,4
12/09/2014;-16,3
11/09/2014;-30,3
10/09/2014;-5,4
09/09/2014;-6,3
08/09/2014;-6,1
05/09/2014;-6,3
04/09/2014;-6,5
03/09/2014;-6,6
02/09/2014;-6,7
01/09/2014;-26,4
29/08/2014;-21,5
28/08/2014;-1,8
27/08/2014;-0,9
26/08/2014;-0,5
25/08/2014;0,3
22/08/2014;1
21/08/2014;-1,6
20/08/2014;-1,3
19/08/2014;-1,1
18/08/2014;-1,5
15/08/2014;-1,8
14/08/2014;-1,8
13/08/2014;24,4
12/08/2014;24,1
11/08/2014;22,8
08/08/2014;21,1
07/08/2014;20,8
06/08/2014;20,5
05/08/2014;20,3
04/08/2014;20,2
01/08/2014;10,7
31/07/2014;1,1
30/07/2014;3,4
29/07/2014;4,4
28/07/2014;5,2
25/07/2014;7,9
24/07/2014;8,1
23/07/2014;8,6
22/07/2014;10
21/07/2014;11
18/07/2014;13
17/07/2014;18,1
16/07/2014;17
15/07/2014;6,7
14/07/2014;5,8
11/07/2014;6,6
10/07/2014;6,9
09/07/2014;7,2
08/07/2014;7,4
07/07/2014;7,6
04/07/2014;8,2
03/07/2014;8,4
02/07/2014;8,6
01/07/2014;16,5
30/06/2014;16,7
27/06/2014;32,4
26/06/2014;32,8
25/06/2014;33,2
24/06/2014;38,4
23/06/2014;36
20/06/2014;37,3
19/06/2014;37,7
18/06/2014;38,1
17/06/2014;38,4
16/06/2014;38,8
13/06/2014;46
12/06/2014;52,6
11/06/2014;49,2
10/06/2014;51,4
09/06/2014;55,1
06/06/2014;66,7
05/06/2014;69,6
04/06/2014;72,1
03/06/2014;74,7
02/06/2014;60,2
30/05/2014;67,9
29/05/2014;72
28/05/2014;73,8
27/05/2014;75,4
26/05/2014;88,2
23/05/2014;88,2
22/05/2014;90,7
21/05/2014;96,2
20/05/2014;97,9
19/05/2014;100,3
16/05/2014;105,5
15/05/2014;109,2
14/05/2014;118,4
13/05/2014;119,7
12/05/2014;118,9
09/05/2014;119,7
08/05/2014;120,2
07/05/2014;120,8
06/05/2014;98,7
05/05/2014;99,3
02/05/2014;87,9
01/05/2014;87,5
30/04/2014;87,2
29/04/2014;84,1
28/04/2014;84,3
25/04/2014;84,6
24/04/2014;79,2
23/04/2014;79,4
22/04/2014;79,5
21/04/2014;79,7
17/04/2014;95,5
16/04/2014;88,8
15/04/2014;87,5
14/04/2014;85,3
11/04/2014;87,9
10/04/2014;88,5
09/04/2014;89
08/04/2014;89,5
07/04/2014;90
04/04/2014;96,6
03/04/2014;97,9
02/04/2014;99
01/04/2014;101,9
31/03/2014;106,1
28/03/2014;114,1
27/03/2014;114,8
26/03/2014;116,5
25/03/2014;118,1
24/03/2014;119,5
21/03/2014;121,4
20/03/2014;122,5
19/03/2014;123,5
18/03/2014;124,5
17/03/2014;100,1
14/03/2014;103,5
13/03/2014;99
12/03/2014;86,3
11/03/2014;87
10/03/2014;64,8
07/03/2014;65,5
06/03/2014;44,5
05/03/2014;44,8
04/03/2014;45,1
03/03/2014;45,4
28/02/2014;57
27/02/2014;59,8
26/02/2014;41,8
25/02/2014;43,7
24/02/2014;45,3
21/02/2014;49,2
20/02/2014;50,3
19/02/2014;46,1
18/02/2014;47,1
17/02/2014;48,4
14/02/2014;51,4
13/02/2014;52,2
12/02/2014;65,9
11/02/2014;66,7
10/02/2014;67,4
07/02/2014;67,4
06/02/2014;67,7
05/02/2014;68
04/02/2014;72
03/02/2014;89,6
31/01/2014;83,3
30/01/2014;79,4
29/01/2014;75
28/01/2014;70,8
27/01/2014;67,9
24/01/2014;62,5
23/01/2014;61,2
22/01/2014;60,1
21/01/2014;59,2
20/01/2014;58,1
17/01/2014;55,7
16/01/2014;55,8
15/01/2014;44,9
14/01/2014;44,4
13/01/2014;43,9
10/01/2014;47
09/01/2014;47,7
08/01/2014;48,3
07/01/2014;31,2
06/01/2014;31,5
03/01/2014;31,3
02/01/2014;-6,3
31/12/2013;-6,5
30/12/2013;-6,6
27/12/2013;-8
26/12/2013;-8,3
24/12/2013;-8,8
23/12/2013;-8,2
20/12/2013;-7,7
19/12/2013;-7,6
18/12/2013;-12,8
17/12/2013;-12,8
16/12/2013;-12,8
13/12/2013;-12,9
12/12/2013;-13
11/12/2013;-7
10/12/2013;-7
09/12/2013;-1,3
06/12/2013;6,3
05/12/2013;7,7
04/12/2013;9
03/12/2013;2,7
02/12/2013;-30,7
29/11/2013;-32,2
28/11/2013;-33,1
27/11/2013;-33,7
26/11/2013;-28,5
25/11/2013;-25,5
22/11/2013;-20,5
21/11/2013;-19,4
20/11/2013;-21,5
19/11/2013;-20,6
18/11/2013;-19,3
15/11/2013;-16,7
14/11/2013;-16
13/11/2013;-15,4
12/11/2013;-8,4
11/11/2013;-7,9
08/11/2013;-7,6
07/11/2013;-5,5
06/11/2013;-5,2
05/11/2013;-5
04/11/2013;-4,7
01/11/2013;43,7
31/10/2013;58,6
30/10/2013;58,9
29/10/2013;59,3
28/10/2013;49,6
25/10/2013;37,3
24/10/2013;35
23/10/2013;34,8
22/10/2013;33,2
21/10/2013;31,8
18/10/2013;27,5
17/10/2013;26,4
16/10/2013;25,5
15/10/2013;24,7
14/10/2013;6
11/10/2013;3,9
10/10/2013;3,3
09/10/2013;2,8
08/10/2013;4,5
07/10/2013;6
04/10/2013;6,4
03/10/2013;6
02/10/2013;5,6
01/10/2013;9,1
30/09/2013;8,8
27/09/2013;6,8
26/09/2013;6,9
25/09/2013;1,7
24/09/2013;1,6
23/09/2013;1,5
20/09/2013;1
19/09/2013;0,9
18/09/2013;0,7
17/09/2013;0,6
16/09/2013;0,5
13/09/2013;0
12/09/2013;-0,1
11/09/2013;-37,9
10/09/2013;-38,1
09/09/2013;-41,9
06/09/2013;-45,2
05/09/2013;-45,9
04/09/2013;-46,4
03/09/2013;-47
02/09/2013;-29,3
30/08/2013;-33
29/08/2013;-72,3
28/08/2013;-74,4
27/08/2013;-76,2
26/08/2013;-77,7
23/08/2013;-86,2
22/08/2013;-88
21/08/2013;-93
20/08/2013;-94,4
19/08/2013;-96,2
16/08/2013;-100,1
15/08/2013;-101,2
14/08/2013;-102,3
13/08/2013;-99,4
12/08/2013;-100,3
09/08/2013;-99,2
08/08/2013;-99,4
07/08/2013;-99,6
06/08/2013;-99,9
05/08/2013;-100,7
02/08/2013;-102,4
01/08/2013;-24,7
31/07/2013;-37,9
30/07/2013;-40,4
29/07/2013;-42,1
26/07/2013;-45,4
25/07/2013;-46,2
24/07/2013;-43,6
23/07/2013;-44,2
22/07/2013;-44,3
19/07/2013;-45,2
18/07/2013;-45,5
17/07/2013;-45,9
16/07/2013;-46,2
15/07/2013;-46,5
12/07/2013;-47,5
11/07/2013;-47,7
10/07/2013;-60,9
09/07/2013;-61,2
08/07/2013;-62,8
05/07/2013;-75,3
04/07/2013;-78,1
03/07/2013;-80,4
02/07/2013;-82,4
01/07/2013;-83,1
28/06/2013;-90
27/06/2013;-91,8
26/06/2013;-93,4
25/06/2013;-94,9
24/06/2013;-95,9
21/06/2013;-99,1
20/06/2013;-100,1
19/06/2013;-101
18/06/2013;-101,9
17/06/2013;-102,8
14/06/2013;-105,2
13/06/2013;-105,9
12/06/2013;-83,7
11/06/2013;-92,2
10/06/2013;-92
07/06/2013;-87,1
06/06/2013;-86
05/06/2013;-85,2
04/06/2013;-84,7
03/06/2013;-57,8
31/05/2013;-53,8
30/05/2013;-53
29/05/2013;-52,3
28/05/2013;-39,9
27/05/2013;-42,2
24/05/2013;-46,5
23/05/2013;-47,5
22/05/2013;-44,9
21/05/2013;-45,6
20/05/2013;-46,2
17/05/2013;-55
16/05/2013;-57,3
15/05/2013;-59,2
14/05/2013;-72,3
13/05/2013;-73,7
10/05/2013;-77,1
09/05/2013;-78,1
08/05/2013;-75,9
07/05/2013;-76,7
06/05/2013;-77,5
03/05/2013;-81,4
02/05/2013;-66,9
01/05/2013;-67,7
30/04/2013;-69,6
29/04/2013;-71,4
26/04/2013;-75,1
25/04/2013;-76
24/04/2013;-80,3
23/04/2013;-81,1
22/04/2013;-81,9
19/04/2013;-83,9
18/04/2013;-84,6
17/04/2013;-85,2
16/04/2013;-85,7
15/04/2013;-85,7
12/04/2013;-86,1
11/04/2013;-86,3
10/04/2013;-39,3
09/04/2013;-39,4
08/04/2013;-30,8
05/04/2013;-31,3
04/04/2013;-31,5
03/04/2013;-31,7
02/04/2013;-32,5
01/04/2013;-23,9
28/03/2013;-16,6
27/03/2013;-17,6
26/03/2013;-17
25/03/2013;-16,5
22/03/2013;-15,4
21/03/2013;-15,2
20/03/2013;-14,9
19/03/2013;-14,2
18/03/2013;-13,7
15/03/2013;-12,8
14/03/2013;-12,5
13/03/2013;-17,6
12/03/2013;-17,4
11/03/2013;-40,3
08/03/2013;-39,8
07/03/2013;-39,7
06/03/2013;-55,5
05/03/2013;-55,6
04/03/2013;-55,7
01/03/2013;-38
28/02/2013;-32,1
27/02/2013;-33,8
26/02/2013;-41,4
25/02/2013;-42,9
22/02/2013;-51,6
21/02/2013;-53,6
20/02/2013;-55,4
19/02/2013;-56,9
18/02/2013;-28,3
15/02/2013;-31,7
14/02/2013;-32,7
13/02/2013;-33,6
12/02/2013;-34,4
11/02/2013;-35,2
08/02/2013;-37,9
07/02/2013;-38,7
06/02/2013;-39,4
05/02/2013;-34
04/02/2013;-34,6
01/02/2013;-13
31/01/2013;-30,1
30/01/2013;-27,2
29/01/2013;-27,7
28/01/2013;-31,2
25/01/2013;-36,5
24/01/2013;-37,7
23/01/2013;-38,8
22/01/2013;-39,7
21/01/2013;-40,9
18/01/2013;-43,4
17/01/2013;-44,2
16/01/2013;-48,4
15/01/2013;-49,1
14/01/2013;-51,7
11/01/2013;-53,4
10/01/2013;-53,9
09/01/2013;-54,4
08/01/2013;-54,9
07/01/2013;-53,4
04/01/2013;-52,1
03/01/2013;-47,6
02/01/2013;-71,9
31/12/2012;-73,1
28/12/2012;-77,4
27/12/2012;-78,8
26/12/2012;-79,9
24/12/2012;-81,7
21/12/2012;-83,7
20/12/2012;-87,6
19/12/2012;-88,2
18/12/2012;-88,8
17/12/2012;-88,5
14/12/2012;-88,9
13/12/2012;-89,2
12/12/2012;-90,7
11/12/2012;-91
10/12/2012;-91,1
07/12/2012;-91,7
06/12/2012;-90,9
05/12/2012;-91,1
04/12/2012;-91,4
03/12/2012;-63,8
30/11/2012;-62,5
29/11/2012;-21
28/11/2012;-19,6
27/11/2012;-20
26/11/2012;-20,2
23/11/2012;-20,2
22/11/2012;-20,2
21/11/2012;-20,2
20/11/2012;-20,2
19/11/2012;-20,2
16/11/2012;-20,2
15/11/2012;-20,3
14/11/2012;-20,3
13/11/2012;-20,3
12/11/2012;-11,5
09/11/2012;-3,4
08/11/2012;-1,8
07/11/2012;-0,5
06/11/2012;1,7
05/11/2012;2,7
02/11/2012;5,2
01/11/2012;18,7
31/10/2012;26,5
30/10/2012;27,1
29/10/2012;27,7
26/10/2012;35,3
25/10/2012;36,8
24/10/2012;39,7
23/10/2012;40,8
22/10/2012;41,8
19/10/2012;44,3
18/10/2012;45,1
17/10/2012;45,7
16/10/2012;46,4
15/10/2012;47
12/10/2012;48,7
11/10/2012;49,3
10/10/2012;36,7
09/10/2012;37,2
08/10/2012;37,6
05/10/2012;29,6
04/10/2012;35,5
03/10/2012;34,6
02/10/2012;34
01/10/2012;38,9
28/09/2012;36,4
27/09/2012;36,6
26/09/2012;36,6
25/09/2012;36,5
24/09/2012;36,5
21/09/2012;36,3
20/09/2012;36,2
19/09/2012;31,2
18/09/2012;31,2
17/09/2012;31,6
14/09/2012;32,2
13/09/2012;32,3
12/09/2012;31,1
11/09/2012;31,2
10/09/2012;28,2
07/09/2012;24,4
06/09/2012;23,7
05/09/2012;23,1
04/09/2012;20,5
03/09/2012;15,1
31/08/2012;13,7
30/08/2012;21,7
29/08/2012;21,3
28/08/2012;12,2
27/08/2012;5,6
24/08/2012;-5,4
23/08/2012;-7,8
22/08/2012;-10
21/08/2012;-11,8
20/08/2012;-13
17/08/2012;-16,6
16/08/2012;-17,7
15/08/2012;-58,7
14/08/2012;-59,7
13/08/2012;-59,1
10/08/2012;-59,7
09/08/2012;-60,1
08/08/2012;-60,5
07/08/2012;-60,9
06/08/2012;-61,4
03/08/2012;-64,1
02/08/2012;-64,8
01/08/2012;-98,2
31/07/2012;-85,4
30/07/2012;-93,1
27/07/2012;-97,4
26/07/2012;-98,7
25/07/2012;-99,9
24/07/2012;-101
23/07/2012;-102,5
20/07/2012;-106
19/07/2012;-106,9
18/07/2012;-107,9
17/07/2012;-108,7
16/07/2012;-109,5
13/07/2012;-111,8
12/07/2012;-112,5
11/07/2012;-113,2
10/07/2012;-82,9
09/07/2012;-82,9
06/07/2012;-82,8
05/07/2012;-82,9
04/07/2012;-81,5
03/07/2012;-81,7
02/07/2012;-82,8
29/06/2012;-74
28/06/2012;-70,9
27/06/2012;-68,6
26/06/2012;-66,8
25/06/2012;-65,4
22/06/2012;-62,3
21/06/2012;-61,6
20/06/2012;-64,2
19/06/2012;-61,2
18/06/2012;-58,7
15/06/2012;-54,2
14/06/2012;-53,2
13/06/2012;-32,5
12/06/2012;-31,7
11/06/2012;-30,9
08/06/2012;-29
07/06/2012;-28,4
06/06/2012;-27,9
05/06/2012;-33,7
04/06/2012;-25,6
01/06/2012;3,6
31/05/2012;23
30/05/2012;29,2
29/05/2012;28,6
28/05/2012;24,8
25/05/2012;19,4
24/05/2012;18,4
23/05/2012;14,2
22/05/2012;13,4
21/05/2012;12,7
18/05/2012;11,1
17/05/2012;10,7
16/05/2012;-0,3
15/05/2012;-0,7
14/05/2012;-1
11/05/2012;1,4
10/05/2012;2
09/05/2012;2,4
08/05/2012;7,1
07/05/2012;7,3
04/05/2012;7,8
03/05/2012;8
02/05/2012;32,2
01/05/2012;32,4
30/04/2012;32,5
27/04/2012;31,5
26/04/2012;31,2
25/04/2012;34,3
24/04/2012;34,2
23/04/2012;35,1
20/04/2012;36,3
19/04/2012;36,5
18/04/2012;36,7
17/04/2012;36,9
16/04/2012;37
13/04/2012;37,5
12/04/2012;31
11/04/2012;31,1
10/04/2012;31,2
09/04/2012;32,6
05/04/2012;39,5
04/04/2012;40,5
03/04/2012;41,4
02/04/2012;-4
30/03/2012;-2,7
29/03/2012;-2,3
28/03/2012;-1,9
27/03/2012;-1,6
26/03/2012;-1,3
23/03/2012;-0,5
22/03/2012;-16,6
21/03/2012;-19,7
20/03/2012;-19,5
19/03/2012;-16,9
16/03/2012;-13,2
15/03/2012;-12,4
14/03/2012;-11,8
13/03/2012;-11,2
12/03/2012;-10,6
09/03/2012;-12,2
08/03/2012;-12,5
07/03/2012;-15,1
06/03/2012;13,3
05/03/2012;17,4
02/03/2012;13,6
01/03/2012;12,6
29/02/2012;33,9
28/02/2012;32,1
27/02/2012;30,9
24/02/2012;28,8
23/02/2012;28,3
22/02/2012;27,9
21/02/2012;27,5
20/02/2012;27,7
17/02/2012;27,6
16/02/2012;27,5
15/02/2012;27,5
14/02/2012;27,4
13/02/2012;13,7
10/02/2012;13,4
09/02/2012;13,3
08/02/2012;13,3
07/02/2012;13,2
06/02/2012;14
03/02/2012;15
02/02/2012;15,2
01/02/2012;15,4
31/01/2012;15,5
30/01/2012;21,3
27/01/2012;19,6
26/01/2012;19,1
25/01/2012;12,3
24/01/2012;12
23/01/2012;10,7
20/01/2012;8,9
19/01/2012;8,5
18/01/2012;8,2
17/01/2012;7,9
16/01/2012;7,6
13/01/2012;6,9
12/01/2012;6,7
11/01/2012;-20,7
10/01/2012;-20,9
09/01/2012;-21,1
06/01/2012;-25
05/01/2012;-26,1
04/01/2012;-25,5
03/01/2012;-26,2
02/01/2012;-26,8
30/12/2011;-29,7
29/12/2011;-30,5
28/12/2011;-31,2
27/12/2011;-31,8
26/12/2011;-32,3
23/12/2011;-33,7
22/12/2011;-34,1
21/12/2011;-50,7
20/12/2011;-51,1
19/12/2011;-51
16/12/2011;-51,4
15/12/2011;-51,6
14/12/2011;-51,8
13/12/2011;-52,1
12/12/2011;-40,6
09/12/2011;-38,4
08/12/2011;-37,9
07/12/2011;-37,5
06/12/2011;-37,2
05/12/2011;-21
02/12/2011;-20,5
01/12/2011;-11,8
30/11/2011;-11,7
29/11/2011;-12,4
28/11/2011;-12,8
25/11/2011;-15,9
24/11/2011;-16,4
23/11/2011;-20,1
22/11/2011;-20,5
21/11/2011;-19,8
18/11/2011;-19,3
17/11/2011;-19,3
16/11/2011;-19,3
15/11/2011;-19,3
14/11/2011;-19,3
11/11/2011;-19,5
10/11/2011;-19,5
09/11/2011;-25,3
08/11/2011;-25,4
07/11/2011;-23,4
04/11/2011;-20,9
03/11/2011;-20,4
02/11/2011;-20
01/11/2011;-19,7
31/10/2011;-10,9
28/10/2011;-15,6
27/10/2011;-16,8
26/10/2011;-11,3
25/10/2011;-12
24/10/2011;-12,6
21/10/2011;-14
20/10/2011;-14,3
19/10/2011;-14,6
18/10/2011;-14,9
17/10/2011;-15,2
14/10/2011;-16,6
13/10/2011;-17
12/10/2011;-17,3
11/10/2011;-17,6
10/10/2011;-4,5
07/10/2011;-5,5
06/10/2011;-5,8
05/10/2011;-6,1
04/10/2011;-6,3
03/10/2011;-0,9
30/09/2011;-1,4
29/09/2011;-1,5
28/09/2011;-1,6
27/09/2011;-1,5
26/09/2011;-1,4
23/09/2011;-1,4
22/09/2011;-1,4
21/09/2011;-4,7
20/09/2011;-4,7
19/09/2011;-4,8
16/09/2011;-4,9
15/09/2011;-5
14/09/2011;-5
13/09/2011;-5,1
12/09/2011;-16,6
09/09/2011;-16,8
08/09/2011;-16,9
07/09/2011;-17
06/09/2011;-19,9
05/09/2011;-21,7
02/09/2011;-24,8
01/09/2011;-20,2
31/08/2011;-20,9
30/08/2011;-13,4
29/08/2011;-13,9
26/08/2011;-21,8
25/08/2011;-23,9
24/08/2011;-32,1
23/08/2011;-33,5
22/08/2011;-34,7
19/08/2011;-37,7
18/08/2011;-38,6
17/08/2011;-39,3
16/08/2011;-40,1
15/08/2011;-40,7
12/08/2011;-42,5
11/08/2011;-43,1
10/08/2011;-56,9
09/08/2011;-57,5
08/08/2011;-58,5
05/08/2011;-60,7
04/08/2011;-61,3
03/08/2011;-61,8
02/08/2011;-62,4
01/08/2011;-40,5
29/07/2011;-40,4
28/07/2011;-40,4
27/07/2011;-40,5
26/07/2011;-40,6
25/07/2011;-40,7
22/07/2011;-41,2
21/07/2011;-41,4
20/07/2011;-41,6
19/07/2011;-41,8
18/07/2011;-38,8
15/07/2011;-37,7
14/07/2011;-37,5
13/07/2011;-37,4
12/07/2011;-37,3
11/07/2011;-35,3
08/07/2011;-36,2
07/07/2011;-36,5
06/07/2011;-36,7
05/07/2011;-36,9
04/07/2011;-37,1
01/07/2011;-37,5
30/06/2011;-39,7
29/06/2011;-39,9
28/06/2011;-35,9
27/06/2011;-33,6
24/06/2011;-29,8
23/06/2011;-29
22/06/2011;-28,3
21/06/2011;-27,7
20/06/2011;-27,6
17/06/2011;-26,8
16/06/2011;-26,5
15/06/2011;-26,3
14/06/2011;-26,1
13/06/2011;-25,9
10/06/2011;-24,2
09/06/2011;-4,9
08/06/2011;-4,5
07/06/2011;-4,2
06/06/2011;-3,8
03/06/2011;-3
02/06/2011;-2,8
01/06/2011;-2,5
31/05/2011;-2,3
30/05/2011;24,4
27/05/2011;27,6
26/05/2011;28,2
25/05/2011;28,7
24/05/2011;29,1
23/05/2011;29
20/05/2011;29,4
19/05/2011;29,6
18/05/2011;29,8
17/05/2011;30
16/05/2011;30,2
13/05/2011;27
12/05/2011;26,2
11/05/2011;29,4
10/05/2011;28,9
09/05/2011;28,6
06/05/2011;27,9
05/05/2011;27,7
04/05/2011;27,6
03/05/2011;27,5
02/05/2011;21,8
29/04/2011;9,4
28/04/2011;7,3
27/04/2011;5,7
26/04/2011;4,3
25/04/2011;2,1
22/04/2011;-2
21/04/2011;-3,1
20/04/2011;-4
19/04/2011;-4,9
18/04/2011;-11,9
15/04/2011;-14
14/04/2011;-14,6
13/04/2011;-15,2
12/04/2011;-15,7
11/04/2011;-12,5
08/04/2011;-11,8
07/04/2011;-11,9
06/04/2011;-12
05/04/2011;-12,2
04/04/2011;-12,3
01/04/2011;-10,3
31/03/2011;-37,1
30/03/2011;-37
29/03/2011;-36,9
28/03/2011;-36,9
25/03/2011;-37,1
24/03/2011;-37,1
23/03/2011;-35
22/03/2011;-35,1
21/03/2011;-35,2
18/03/2011;-35,5
17/03/2011;-35,6
16/03/2011;-35,7
15/03/2011;-34,4
14/03/2011;-38,3
11/03/2011;-44,2
10/03/2011;-45,9
09/03/2011;-47,2
08/03/2011;-48,2
07/03/2011;-49,5
04/03/2011;-52,3
03/03/2011;-53
02/03/2011;-45,4
01/03/2011;-59,5
28/02/2011;-60,9
25/02/2011;-63,4
24/02/2011;-64,1
23/02/2011;-61,6
22/02/2011;-62,1
21/02/2011;-62,6
18/02/2011;-64
17/02/2011;-64,5
16/02/2011;-64,9
15/02/2011;-65,3
14/02/2011;-50,4
11/02/2011;-51,4
10/02/2011;-51,7
09/02/2011;-52
08/02/2011;-50,2
07/02/2011;-49,3
04/02/2011;-48
03/02/2011;-47,8
02/02/2011;-47,7
01/02/2011;-8
31/01/2011;-9,4
28/01/2011;-11,3
27/01/2011;-11,6
26/01/2011;-5,7
25/01/2011;-5,9
24/01/2011;-6,1
21/01/2011;-6,6
20/01/2011;-6,7
19/01/2011;-6,9
18/01/2011;-7
17/01/2011;-5,7
14/01/2011;-4,1
13/01/2011;-3,8
12/01/2011;-3,6
11/01/2011;-10
10/01/2011;-8,6
07/01/2011;-6,6
06/01/2011;-6,2
05/01/2011;-5,9
04/01/2011;-14
03/01/2011;-13,8
31/12/2010;-13,2
30/12/2010;-13
29/12/2010;-12,9
28/12/2010;-13,9
27/12/2010;-14,4
24/12/2010;-15,3
23/12/2010;-15,4
22/12/2010;-15,6
21/12/2010;-15,7
20/12/2010;-14,4
17/12/2010;-12,8
16/12/2010;-21,7
15/12/2010;-21,5
14/12/2010;-21,3
13/12/2010;7,7
10/12/2010;8,1
09/12/2010;8,2
08/12/2010;11,3
07/12/2010;11,4
06/12/2010;11,5
03/12/2010;11,9
02/12/2010;12
01/12/2010;17,4
30/11/2010;23,6
29/11/2010;27,3
26/11/2010;31
25/11/2010;31,7
24/11/2010;32,5
23/11/2010;33,1
22/11/2010;34,3
19/11/2010;36,6
18/11/2010;37,2
17/11/2010;37,8
16/11/2010;38,3
15/11/2010;38,8
12/11/2010;40,2
11/11/2010;27,3
10/11/2010;27,7
09/11/2010;28,1
08/11/2010;28,4
05/11/2010;35,4
04/11/2010;36,7
03/11/2010;48,7
02/11/2010;49,7
01/11/2010;50,6
29/10/2010;50,1
28/10/2010;50
27/10/2010;50,1
26/10/2010;50,2
25/10/2010;50,4
22/10/2010;51
21/10/2010;51,2
20/10/2010;42,2
19/10/2010;42,4
18/10/2010;44,1
15/10/2010;46,5
14/10/2010;47,1
13/10/2010;39,4
12/10/2010;39,8
11/10/2010;40,2
08/10/2010;39,1
07/10/2010;38,9
06/10/2010;38,7
05/10/2010;38,7
04/10/2010;38,7
01/10/2010;38,8
30/09/2010;46,3
29/09/2010;46,4
28/09/2010;46,5
27/09/2010;40,3
24/09/2010;32,3
23/09/2010;30,7
22/09/2010;20,2
21/09/2010;19,1
20/09/2010;16,3
17/09/2010;11,5
16/09/2010;10,4
15/09/2010;9,4
14/09/2010;8,5
13/09/2010;8,6
10/09/2010;1
09/09/2010;-0,4
08/09/2010;-1,7
07/09/2010;-2,8
06/09/2010;-3,9
03/09/2010;-0,4
02/09/2010;-39,2
01/09/2010;-38,8
31/08/2010;-38,5
30/08/2010;-27,3
27/08/2010;-22,9
26/08/2010;-21,8
25/08/2010;-24
24/08/2010;-23,4
23/08/2010;-21,9
20/08/2010;-19,7
19/08/2010;-19,2
18/08/2010;-18,8
17/08/2010;-18,4
16/08/2010;-18,1
13/08/2010;-17,4
12/08/2010;-17,2
11/08/2010;-17
10/08/2010;-36,7
09/08/2010;-36,6
06/08/2010;-27,1
05/08/2010;-25,5
04/08/2010;-24,3
03/08/2010;-23,2
02/08/2010;-11,3
30/07/2010;-6,3
29/07/2010;-5
28/07/2010;-3,9
27/07/2010;-2,9
26/07/2010;-2
23/07/2010;0,1
22/07/2010;0,7
21/07/2010;-7,8
20/07/2010;-7,3
19/07/2010;-6,8
16/07/2010;-5,6
15/07/2010;-5,2
14/07/2010;-4,8
13/07/2010;-4,5
12/07/2010;4,8
09/07/2010;15,7
08/07/2010;17,6
07/07/2010;19,1
06/07/2010;20,5
05/07/2010;21,7
02/07/2010;24,7
01/07/2010;25,6
30/06/2010;67,6
29/06/2010;68,4
28/06/2010;72,3
25/06/2010;78,5
24/06/2010;80
23/06/2010;93,5
22/06/2010;94,7
21/06/2010;96,8
18/06/2010;101
17/06/2010;102,2
16/06/2010;103,3
15/06/2010;122,2
14/06/2010;123,2
11/06/2010;125,9
10/06/2010;126,8
09/06/2010;127,6
08/06/2010;128,4
07/06/2010;107,3
04/06/2010;113,4
03/06/2010;114,9
02/06/2010;116,2
01/06/2010;117,3
31/05/2010;100,7
28/05/2010;103,5
27/05/2010;104,3
26/05/2010;99
25/05/2010;99,7
24/05/2010;102,3
21/05/2010;101,1
20/05/2010;100,8
19/05/2010;100,6
18/05/2010;100,7
17/05/2010;100,8
14/05/2010;101,3
13/05/2010;101,6
12/05/2010;101,8
11/05/2010;71,7
10/05/2010;71,9
07/05/2010;72,5
06/05/2010;72,7
05/05/2010;73
04/05/2010;73,2
03/05/2010;62,4
30/04/2010;64,3
29/04/2010;64,9
28/04/2010;65,4
27/04/2010;65,8
26/04/2010;65,2
23/04/2010;65
22/04/2010;65,1
21/04/2010;65,2
20/04/2010;65,3
19/04/2010;65,4
16/04/2010;65,8
15/04/2010;65,9
14/04/2010;66
13/04/2010;34,1
12/04/2010;32,8
09/04/2010;31,2
08/04/2010;30,9
07/04/2010;30,7
06/04/2010;30,5
05/04/2010;30,3
02/04/2010;28,3
01/04/2010;28
31/03/2010;7,7
30/03/2010;7,4
29/03/2010;7,1
26/03/2010;6,5
25/03/2010;6,3
24/03/2010;0,1
23/03/2010;-0,1
22/03/2010;-0,2
19/03/2010;-0,7
18/03/2010;-0,8
17/03/2010;-0,9
16/03/2010;-1
15/03/2010;-1,2
12/03/2010;7,2
11/03/2010;9,4
10/03/2010;-9,3
09/03/2010;-8
08/03/2010;-14,3
05/03/2010;-21,8
04/03/2010;-23,1
03/03/2010;-23,9
02/03/2010;-24,9
01/03/2010;-25,6
26/02/2010;-24
25/02/2010;-23,9
24/02/2010;-35,9
23/02/2010;-36
22/02/2010;-12,6
19/02/2010;-12,2
18/02/2010;-12,2
17/02/2010;-12,1
16/02/2010;-12,1
15/02/2010;-12,1
12/02/2010;-12,2
11/02/2010;-12,2
10/02/2010;-12,2
09/02/2010;-12
08/02/2010;-11,8
05/02/2010;-11,6
04/02/2010;-11,6
03/02/2010;-11,6
02/02/2010;-11,6
01/02/2010;-17,1
29/01/2010;-21,6
28/01/2010;-22,7
27/01/2010;-17,6
26/01/2010;-18,4
25/01/2010;-19
22/01/2010;-20,5
21/01/2010;-20,9
20/01/2010;-21,2
19/01/2010;-21,6
18/01/2010;-20,5
15/01/2010;-19,5
14/01/2010;-19,4
13/01/2010;-10,5
12/01/2010;-10,4
11/01/2010;-11,9
08/01/2010;-13,8
07/01/2010;-14,2
06/01/2010;-14,5
05/01/2010;-9,4
04/01/2010;-9,7
01/01/2010;-10,3
31/12/2009;-10,5
30/12/2009;-10,7
29/12/2009;-10,6
28/12/2009;-10,6
25/12/2009;-10,8
24/12/2009;-10,9
23/12/2009;-11
22/12/2009;-11,1
21/12/2009;-11,6
18/12/2009;-12,4
17/12/2009;-12,6
16/12/2009;-12,8
15/12/2009;-12,9
14/12/2009;-48,7
11/12/2009;-50,6
10/12/2009;-51,2
09/12/2009;-3
08/12/2009;-1,5
07/12/2009;-0,7
04/12/2009;0,5
03/12/2009;0,7
02/12/2009;0,9
01/12/2009;-10,4
30/11/2009;-10,3
27/11/2009;-8,8
26/11/2009;-8
25/11/2009;-10,4
24/11/2009;-10
23/11/2009;-9,7
20/11/2009;-8,9
19/11/2009;-8,7
18/11/2009;-8,5
17/11/2009;-8,3
16/11/2009;-6,4
13/11/2009;-3,6
12/11/2009;-4,8
11/11/2009;-4,3
10/11/2009;-3,9
09/11/2009;-4,6
06/11/2009;-5
05/11/2009;-5
04/11/2009;-5
03/11/2009;-5
02/11/2009;13,1
30/10/2009;13,5
29/10/2009;13,7
28/10/2009;13,9
27/10/2009;14
26/10/2009;14,1
23/10/2009;14,5
22/10/2009;14,6
21/10/2009;5,9
20/10/2009;5,9
19/10/2009;9,6
16/10/2009;14,6
15/10/2009;15,6
14/10/2009;26,1
13/10/2009;26,9
12/10/2009;27,6
09/10/2009;32,7
08/10/2009;34
07/10/2009;35,2
06/10/2009;36,2
05/10/2009;37,1
02/10/2009;39,3
01/10/2009;38,4
30/09/2009;39
29/09/2009;39,5
28/09/2009;41,5
25/09/2009;44,8
24/09/2009;45,6
23/09/2009;49,3
22/09/2009;50
21/09/2009;51,5
18/09/2009;54,5
17/09/2009;55,2
16/09/2009;55,9
15/09/2009;56,5
14/09/2009;62,4
11/09/2009;65,7
10/09/2009;54,9
09/09/2009;55,7
08/09/2009;56,4
07/09/2009;57,1
04/09/2009;70,5
03/09/2009;74,1
02/09/2009;77
01/09/2009;79,4
31/08/2009;81,5
28/08/2009;76,7
27/08/2009;77,1
26/08/2009;77,6
25/08/2009;78,3
24/08/2009;79
21/08/2009;81
20/08/2009;81,7
19/08/2009;70,6
18/08/2009;71,2
17/08/2009;73,7
14/08/2009;77,8
13/08/2009;78,8
12/08/2009;86,6
11/08/2009;87,5
10/08/2009;87,2
07/08/2009;88,1
06/08/2009;88,5
05/08/2009;88,9
04/08/2009;89,3
03/08/2009;89,7
31/07/2009;89
30/07/2009;89,2
29/07/2009;89,4
28/07/2009;89,6
27/07/2009;89,9
24/07/2009;90,7
23/07/2009;91
22/07/2009;67,9
21/07/2009;68,1
20/07/2009;68,4
17/07/2009;69,1
16/07/2009;69,3
15/07/2009;69,5
14/07/2009;69,7
13/07/2009;55,7
10/07/2009;55,5
09/07/2009;55,6
08/07/2009;55,7
07/07/2009;55,7
06/07/2009;55,8
03/07/2009;56,1
02/07/2009;56,2
01/07/2009;47
30/06/2009;47
29/06/2009;47,1
26/06/2009;37,7
25/06/2009;36,2
24/06/2009;29
23/06/2009;28
22/06/2009;29,9
19/06/2009;31,5
18/06/2009;31,7
17/06/2009;31,8
16/06/2009;31,9
15/06/2009;25,2
12/06/2009;25,2
11/06/2009;25,2
10/06/2009;25,2
09/06/2009;33,7
08/06/2009;-9,4
05/06/2009;-8,4
04/06/2009;-8,5
03/06/2009;-8,4
02/06/2009;-20,6
01/06/2009;-27,6
29/05/2009;-28,1
28/05/2009;-30,6
27/05/2009;-32,8
26/05/2009;-34,7
25/05/2009;-36,4
22/05/2009;-40,5
21/05/2009;-41,7
20/05/2009;-54,7
19/05/2009;-57,6
18/05/2009;-59,7
15/05/2009;-62,1
14/05/2009;-62,7
13/05/2009;-56,6
12/05/2009;-57,3
11/05/2009;-58
08/05/2009;-59,8
07/05/2009;-60,4
06/05/2009;-61
05/05/2009;-61,5
04/05/2009;-58,1
01/05/2009;-74,5
30/04/2009;-78,9
29/04/2009;-82,4
28/04/2009;-85,4
27/04/2009;-87,9
24/04/2009;-94
23/04/2009;-95,7
22/04/2009;-97,2
21/04/2009;-98,7
20/04/2009;-98,7
17/04/2009;-100,5
16/04/2009;-101,3
15/04/2009;-98,6
14/04/2009;-101,7
13/04/2009;-103,8
10/04/2009;-108,2
09/04/2009;-109,4
08/04/2009;-110,5
07/04/2009;-111,6
06/04/2009;-112,6
03/04/2009;-122,4
02/04/2009;-125,1
01/04/2009;-127,4
31/03/2009;-97,6
30/03/2009;-99,3
27/03/2009;-103,5
26/03/2009;-104,7
25/03/2009;-123,8
24/03/2009;-124,9
23/03/2009;-126
20/03/2009;-128,9
19/03/2009;-129,8
18/03/2009;-130,7
17/03/2009;-133
16/03/2009;-134,6
13/03/2009;-133,8
12/03/2009;-188,9
11/03/2009;-189,1
10/03/2009;-189,4
09/03/2009;-160,5
06/03/2009;-150
05/03/2009;-67,6
04/03/2009;-65,4
03/03/2009;-63,8
02/03/2009;-62,4
27/02/2009;-70
26/02/2009;-72,1
25/02/2009;-73,6
24/02/2009;-74,8
23/02/2009;-75,8
20/02/2009;-78
19/02/2009;-66,4
18/02/2009;-67
17/02/2009;-67,4
16/02/2009;-76,3
13/02/2009;-75,1
12/02/2009;-74,8
11/02/2009;-74,7
10/02/2009;-74,6
09/02/2009;-74,6
06/02/2009;-74,7
05/02/2009;-74,8
04/02/2009;-74,8
03/02/2009;-74,9
02/02/2009;-13,4
30/01/2009;-8,7
29/01/2009;-7,5
28/01/2009;-6,6
27/01/2009;-5,8
26/01/2009;-5,1
23/01/2009;-3,6
22/01/2009;-3,2
21/01/2009;-12
20/01/2009;-11,7
19/01/2009;-12,3
16/01/2009;-12,8
15/01/2009;2,3
14/01/2009;2,3
13/01/2009;2,4
12/01/2009;2,4
09/01/2009;8,3
08/01/2009;9,3
07/01/2009;10,1
06/01/2009;10,8
05/01/2009;40,8
02/01/2009;42,5
01/01/2009;43
31/12/2008;43,5
30/12/2008;43,9
29/12/2008;43,2
26/12/2008;42,7
25/12/2008;42,7
24/12/2008;42,8
23/12/2008;42,9
22/12/2008;44,9
19/12/2008;47,7
18/12/2008;57,4
17/12/2008;58
16/12/2008;58,5
15/12/2008;40,6
12/12/2008;43
11/12/2008;43,6
10/12/2008;44,2
09/12/2008;44,7
08/12/2008;-3
05/12/2008;6,7
04/12/2008;8,4
03/12/2008;9,8
02/12/2008;11
01/12/2008;55,7
28/11/2008;60,5
27/11/2008;61,8
26/11/2008;62,9
25/11/2008;64
24/11/2008;64,9
21/11/2008;67,4
20/11/2008;68,1
19/11/2008;68,8
18/11/2008;69,5
17/11/2008;58,2
14/11/2008;57,4
13/11/2008;57,5
12/11/2008;57,5
11/11/2008;57,7
10/11/2008;53,7
07/11/2008;48,8
06/11/2008;47,9
05/11/2008;47,2
04/11/2008;46,6
03/11/2008;27,4
31/10/2008;26,2
30/10/2008;25,9
29/10/2008;25,6
28/10/2008;25,6
27/10/2008;25,5
24/10/2008;25,2
23/10/2008;25,1
22/10/2008;31,1
21/10/2008;31,1
20/10/2008;30,5
17/10/2008;29,8
16/10/2008;29,6
15/10/2008;29,5
14/10/2008;11
13/10/2008;10,8
10/10/2008;12,9
09/10/2008;13,4
08/10/2008;13,8
07/10/2008;14,1
06/10/2008;14,3
03/10/2008;14,9
02/10/2008;15
01/10/2008;22,9
30/09/2008;23,1
29/09/2008;23,2
26/09/2008;16,7
25/09/2008;15
24/09/2008;1,6
23/09/2008;0,5
22/09/2008;2,4
19/09/2008;4
18/09/2008;4,2
17/09/2008;4,3
16/09/2008;4,4
15/09/2008;-0,6
12/09/2008;-3,4
11/09/2008;-4,2
10/09/2008;-4,8
09/09/2008;-34,2
08/09/2008;-34,7
05/09/2008;-35,9
04/09/2008;-36,2
03/09/2008;-36,6
02/09/2008;-36,9
01/09/2008;-44,9
29/08/2008;-43,9
28/08/2008;-43,7
27/08/2008;-43,5
26/08/2008;-43,5
25/08/2008;-43,4
22/08/2008;-43,5
21/08/2008;-43,5
20/08/2008;-31,5
19/08/2008;-31,5
18/08/2008;-31,5
15/08/2008;-30,7
14/08/2008;-30,6
13/08/2008;-3,8
12/08/2008;-3,7
11/08/2008;-2,6
08/08/2008;-1
07/08/2008;-0,7
06/08/2008;-0,4
05/08/2008;-0,2
04/08/2008;-5,9
01/08/2008;-5,9
31/07/2008;-9
30/07/2008;-10,2
29/07/2008;-11,1
28/07/2008;-11,9
25/07/2008;-13,7
24/07/2008;-14,2
23/07/2008;-11,5
22/07/2008;-11,9
21/07/2008;-10,4
18/07/2008;-8,9
17/07/2008;-8,6
16/07/2008;-8,5
15/07/2008;-8,3
14/07/2008;-18,3
11/07/2008;-16,1
10/07/2008;-15,6
09/07/2008;-15,2
08/07/2008;-14,9
07/07/2008;-14,6
04/07/2008;-14
03/07/2008;-13,8
02/07/2008;-13,7
01/07/2008;-13,6
30/06/2008;14,6
27/06/2008;15,8
26/06/2008;16,1
25/06/2008;-1,8
24/06/2008;-1,6
23/06/2008;-2,3
20/06/2008;-3,1
19/06/2008;-3,3
18/06/2008;-3,3
17/06/2008;-3,4
16/06/2008;8,2
13/06/2008;8,2
12/06/2008;8,2
11/06/2008;8,2
10/06/2008;10,3
09/06/2008;11,5
06/06/2008;22,4
05/06/2008;24,3
04/06/2008;25,9
03/06/2008;27,3
02/06/2008;20,7
30/05/2008;20,6
29/05/2008;20,9
28/05/2008;21,3
27/05/2008;21,6
26/05/2008;22,4
23/05/2008;24
22/05/2008;24,5
21/05/2008;24,9
20/05/2008;22,2
19/05/2008;22,6
16/05/2008;23,3
15/05/2008;23,5
14/05/2008;16,9
13/05/2008;17,1
12/05/2008;17,3
09/05/2008;17,9
08/05/2008;18
07/05/2008;18,2
06/05/2008;19,3
05/05/2008;46,5
02/05/2008;48,2
01/05/2008;48,6
30/04/2008;49
29/04/2008;49,4
28/04/2008;49,7
25/04/2008;50,7
24/04/2008;51
23/04/2008;39,1
22/04/2008;39,4
21/04/2008;38,7
18/04/2008;38,1
17/04/2008;38,1
16/04/2008;38,1
15/04/2008;38,1
14/04/2008;29,8
11/04/2008;35,6
10/04/2008;36,5
09/04/2008;37,3
08/04/2008;38
07/04/2008;38,6
04/04/2008;41,1
03/04/2008;42,1
02/04/2008;42,8
01/04/2008;43,5
31/03/2008;41
28/03/2008;42,5
27/03/2008;42,9
26/03/2008;49,4
25/03/2008;49,8
24/03/2008;50,2
21/03/2008;51,2
20/03/2008;51,6
19/03/2008;51,9
18/03/2008;52,2
17/03/2008;53,9
14/03/2008;55,5
13/03/2008;42,2
12/03/2008;42,3
11/03/2008;13,5
10/03/2008;13,6
07/03/2008;25,8
06/03/2008;27,9
05/03/2008;29,6
04/03/2008;40,4
03/03/2008;41,6
29/02/2008;51,5
28/02/2008;53,4
27/02/2008;52,1
26/02/2008;53,6
25/02/2008;55
22/02/2008;58,4
21/02/2008;59,4
20/02/2008;60,3
19/02/2008;61,2
18/02/2008;62,5
15/02/2008;67,1
14/02/2008;67,9
13/02/2008;68,7
12/02/2008;69,4
11/02/2008;70,1
08/02/2008;74,6
07/02/2008;69,4
06/02/2008;70,3
05/02/2008;71,2
04/02/2008;71,9
01/02/2008;70,6
31/01/2008;70,3
30/01/2008;70,2
29/01/2008;70,2
28/01/2008;70,3
25/01/2008;70,8
24/01/2008;71
23/01/2008;77,3
22/01/2008;77,5
21/01/2008;79,1
18/01/2008;81,7
17/01/2008;82,3
16/01/2008;82,9
15/01/2008;65
14/01/2008;68,8
11/01/2008;74,4
10/01/2008;75,7
09/01/2008;76,8
08/01/2008;77,7
07/01/2008;78,6
04/01/2008;74,7
03/01/2008;75,4
02/01/2008;76
01/01/2008;76,6
31/12/2007;79,8
28/12/2007;84,8
27/12/2007;86
26/12/2007;87,1
25/12/2007;88
24/12/2007;88,9
21/12/2007;91,3
20/12/2007;92
19/12/2007;83,5
18/12/2007;84,1
17/12/2007;84,3
14/12/2007;85,9
13/12/2007;84,7
12/12/2007;83,9
11/12/2007;44,7
10/12/2007;44,2
07/12/2007;35,7
06/12/2007;34,3
05/12/2007;33,1
04/12/2007;10,3
03/12/2007;9,4
30/11/2007;4,6
29/11/2007;3,3
28/11/2007;2,3
27/11/2007;1,3
26/11/2007;0,5
23/11/2007;-1,5
22/11/2007;-2,1
21/11/2007;-5,6
20/11/2007;-6,1
19/11/2007;-5,7
16/11/2007;-5,7
15/11/2007;-5,8
14/11/2007;-6
13/11/2007;-14,5
12/11/2007;-14,7
09/11/2007;-12,7
08/11/2007;-12,4
07/11/2007;-12,3
06/11/2007;-12,2
05/11/2007;1,9
02/11/2007;2,1
01/11/2007;2,1
31/10/2007;2,2
30/10/2007;5,1
29/10/2007;6,7
26/10/2007;9,6
25/10/2007;10,2
24/10/2007;1,7
23/10/2007;2,1
22/10/2007;3,5
19/10/2007;5,7
18/10/2007;6,2
17/10/2007;-15,1
16/10/2007;-14,7
15/10/2007;-14,4
12/10/2007;-8,3
11/10/2007;-4,9
10/10/2007;-2,4
09/10/2007;-0,5
08/10/2007;1,1
05/10/2007;4,7
04/10/2007;5,6
03/10/2007;-10,6
02/10/2007;-9,9
01/10/2007;-9,2
28/09/2007;-0,7
27/09/2007;0,9
26/09/2007;2,3
25/09/2007;3,5
24/09/2007;4,6
21/09/2007;7,3
20/09/2007;8,1
19/09/2007;11,8
18/09/2007;12,5
17/09/2007;37,3
14/09/2007;33,4
13/09/2007;31,1
12/09/2007;29,5
11/09/2007;52,5
10/09/2007;51,7
07/09/2007;42,9
06/09/2007;41,4
05/09/2007;40,2
04/09/2007;39,2
03/09/2007;49,2
31/08/2007;43,9
30/08/2007;42,5
29/08/2007;41,4
28/08/2007;40,5
27/08/2007;39,6
24/08/2007;37,7
23/08/2007;37,2
22/08/2007;30,6
21/08/2007;30,2
20/08/2007;29,3
17/08/2007;27,6
16/08/2007;27,1
15/08/2007;26,7
14/08/2007;18
13/08/2007;17,7
10/08/2007;22,8
09/08/2007;24,1
08/08/2007;25,1
07/08/2007;25,9
06/08/2007;26,5
03/08/2007;27,8
02/08/2007;9,5
01/08/2007;9,7
31/07/2007;10,2
30/07/2007;10,5
27/07/2007;11,2
26/07/2007;11,4
25/07/2007;5,5
24/07/2007;5,6
23/07/2007;6,2
20/07/2007;7,1
19/07/2007;7,3
18/07/2007;7,5
17/07/2007;7,7
16/07/2007;7,8
13/07/2007;-21,4
12/07/2007;-19,9
11/07/2007;-18,7
10/07/2007;-17,8
09/07/2007;-16,9
06/07/2007;-15,1
05/07/2007;-14,6
04/07/2007;-14,2
03/07/2007;-35,6
02/07/2007;-35,3
29/06/2007;-36,9
28/06/2007;-37
27/06/2007;-37,1
26/06/2007;-37,2
25/06/2007;-37,3
22/06/2007;-37,4
21/06/2007;-37,4
20/06/2007;-31,3
19/06/2007;-31,3
18/06/2007;-31,3
15/06/2007;-1,1
14/06/2007;-1
13/06/2007;-0,9
12/06/2007;23,3
11/06/2007;25,2
08/06/2007;28
07/06/2007;28,6
06/06/2007;29,1
05/06/2007;29,5
04/06/2007;44
01/06/2007;46
31/05/2007;46,5
30/05/2007;47
29/05/2007;47,4
28/05/2007;47,9
25/05/2007;57,8
24/05/2007;59,6
23/05/2007;64,1
22/05/2007;65,4
21/05/2007;66,1
18/05/2007;68,4
17/05/2007;69,1
16/05/2007;69,7
15/05/2007;70,4
14/05/2007;45,1
11/05/2007;45,6
10/05/2007;45,9
09/05/2007;46,1
08/05/2007;46,4
07/05/2007;46,7
04/05/2007;46,6
03/05/2007;44,7
02/05/2007;44,6
01/05/2007;44,5
30/04/2007;44,5
27/04/2007;44,7
26/04/2007;44,8
25/04/2007;41,8
24/04/2007;41,9
23/04/2007;42,7
20/04/2007;44
19/04/2007;44,3
18/04/2007;44,6
17/04/2007;44,8
16/04/2007;21,7
13/04/2007;27
12/04/2007;30
11/04/2007;32,2
10/04/2007;33,9
09/04/2007;35,3
06/04/2007;38,5
05/04/2007;39,4
04/04/2007;40,1
03/04/2007;51,5
02/04/2007;53,9
30/03/2007;58,6
29/03/2007;59,8
28/03/2007;60,8
27/03/2007;61,8
26/03/2007;62,7
23/03/2007;65,1
22/03/2007;65,8
21/03/2007;66,5
20/03/2007;67,2
19/03/2007;68,7
16/03/2007;71,6
15/03/2007;72,4
14/03/2007;61,4
13/03/2007;63,4
12/03/2007;64,7
09/03/2007;67,6
08/03/2007;68,4
07/03/2007;69,2
06/03/2007;69,9
05/03/2007;67,4
02/03/2007;69,1
01/03/2007;69,7
28/02/2007;70,2
27/02/2007;41,8
26/02/2007;40,7
23/02/2007;39,9
22/02/2007;39,9
21/02/2007;42,9
20/02/2007;43
19/02/2007;43,3
16/02/2007;43,9
15/02/2007;44,1
14/02/2007;49,3
13/02/2007;60,3
12/02/2007;66,8
09/02/2007;78,1
08/02/2007;80,7
07/02/2007;83
06/02/2007;85
05/02/2007;86,8
02/02/2007;93,1
01/02/2007;93,3
31/01/2007;93,6
30/01/2007;94
29/01/2007;94,5
26/01/2007;96,1
25/01/2007;96,6
24/01/2007;92,6
23/01/2007;93,1
22/01/2007;96
19/01/2007;100,5
18/01/2007;101,6
17/01/2007;102,6
16/01/2007;103,5
15/01/2007;104,4
12/01/2007;86,1
11/01/2007;89,7
10/01/2007;92,6
09/01/2007;95,1
08/01/2007;97,2
05/01/2007;102,4
04/01/2007;85,2
03/01/2007;86,5
02/01/2007;87,7
01/01/2007;90,1
29/12/2006;94,8
28/12/2006;96,1
27/12/2006;97,2
26/12/2006;98,3
25/12/2006;99,4
22/12/2006;102,2
21/12/2006;103,1
20/12/2006;97,8
19/12/2006;98,6
18/12/2006;99,4
15/12/2006;94,6
14/12/2006;85,1
13/12/2006;84,3
12/12/2006;83,8
11/12/2006;83,4
08/12/2006;82,8
07/12/2006;82,8
06/12/2006;82,8
05/12/2006;82,8
04/12/2006;82,8
01/12/2006;83,4
30/11/2006;83,6
29/11/2006;93,4
28/11/2006;93,6
27/11/2006;87,9
24/11/2006;80,7
23/11/2006;79,4
22/11/2006;76,7
21/11/2006;75,8
20/11/2006;72,4
17/11/2006;67,2
16/11/2006;-4,2
15/11/2006;-5,3
14/11/2006;-6,4
13/11/2006;-7,4
10/11/2006;-15,4
09/11/2006;-17
08/11/2006;-18,4
07/11/2006;-19,7
06/11/2006;-2,1
03/11/2006;-4,8
02/11/2006;-5,6
01/11/2006;-6,4
31/10/2006;-12,3
30/10/2006;-16,1
27/10/2006;-23,1
26/10/2006;-24,8
25/10/2006;-41,5
24/10/2006;-42,9
23/10/2006;-48
20/10/2006;-56,3
19/10/2006;-58,3
18/10/2006;-60
17/10/2006;-61,7
16/10/2006;-110
13/10/2006;-107,3
12/10/2006;-106,7
11/10/2006;-106,5
10/10/2006;-106,5
09/10/2006;-106,7
06/10/2006;-107,5
05/10/2006;-107,8
04/10/2006;-116
03/10/2006;-116,4
02/10/2006;-113,7
29/09/2006;-110,9
28/09/2006;-110,5
27/09/2006;-110,2
26/09/2006;-110,1
25/09/2006;-110
22/09/2006;-109,9
21/09/2006;-110
20/09/2006;-110,1
19/09/2006;-110,2
18/09/2006;-82,8
15/09/2006;-78,1
14/09/2006;-74,8
13/09/2006;-72,5
12/09/2006;-70,8
11/09/2006;-69,5
08/09/2006;-66,6
07/09/2006;-65,9
06/09/2006;-65,3
05/09/2006;-64,8
04/09/2006;-65,8
01/09/2006;-69,9
31/08/2006;-71
30/08/2006;-33,3
29/08/2006;-33,8
28/08/2006;-34,2
25/08/2006;-31,3
24/08/2006;-30,9
23/08/2006;-13,9
22/08/2006;-13,6
21/08/2006;-12,8
18/08/2006;-11,6
17/08/2006;-11,3
16/08/2006;-11
15/08/2006;7,6
14/08/2006;7,9
11/08/2006;3,5
10/08/2006;2,9
09/08/2006;2,4
08/08/2006;2,1
07/08/2006;1,8
04/08/2006;1,1
03/08/2006;35,2
02/08/2006;35,2
01/08/2006;36,6
31/07/2006;37,4
28/07/2006;38,8
27/07/2006;39,2
26/07/2006;63,7
25/07/2006;64,1
24/07/2006;64,4
21/07/2006;65,2
20/07/2006;65,4
19/07/2006;65,7
18/07/2006;65,9
17/07/2006;36,8
14/07/2006;27,3
13/07/2006;25,8
12/07/2006;24,6
11/07/2006;23,5
10/07/2006;22,7
07/07/2006;20,7
06/07/2006;20,1
05/07/2006;-0,6
04/07/2006;-1,1
03/07/2006;-1,6
30/06/2006;1,4
29/06/2006;2,1
28/06/2006;2,7
27/06/2006;3
26/06/2006;3,3
23/06/2006;3,9
22/06/2006;4
21/06/2006;10,2
20/06/2006;10,3
19/06/2006;8
16/06/2006;-24,6
15/06/2006;-22,5
14/06/2006;-20,9
13/06/2006;-19,7
12/06/2006;-18,6
09/06/2006;-16,4
08/06/2006;-15,8
07/06/2006;-15,3
06/06/2006;-14,8
05/06/2006;1,9
02/06/2006;-4,1
01/06/2006;-5,2
31/05/2006;-6,1
30/05/2006;-18,9
29/05/2006;-19,6
26/05/2006;-21,1
25/05/2006;-21,5
24/05/2006;-25
23/05/2006;-30,4
22/05/2006;-35,6
19/05/2006;-44,1
18/05/2006;-46
17/05/2006;-47,6
16/05/2006;-32,3
15/05/2006;-33,6
12/05/2006;-37,7
11/05/2006;-38,9
10/05/2006;-39,9
09/05/2006;-40,8
08/05/2006;-41,7
05/05/2006;-37,6
04/05/2006;-45,9
03/05/2006;-45,3
02/05/2006;-44,9
01/05/2006;-44,6
28/04/2006;-44,2
27/04/2006;-44,1
26/04/2006;-44,1
25/04/2006;-44,2
24/04/2006;-41,2
21/04/2006;-37,4
20/04/2006;-36,7
19/04/2006;-30
18/04/2006;-1,1
17/04/2006;-0,6
14/04/2006;2,7
13/04/2006;3,6
12/04/2006;4,3
11/04/2006;4,9
10/04/2006;5,4
07/04/2006;1,4
06/04/2006;0,4
05/04/2006;-0,3
04/04/2006;-0,9
03/04/2006;-18,5
31/03/2006;-19,5
30/03/2006;-19,8
29/03/2006;-20,1
28/03/2006;-20,3
27/03/2006;-20,5
24/03/2006;-21
23/03/2006;-21,1
22/03/2006;-6,1
21/03/2006;-6,2
20/03/2006;-49,7
17/03/2006;-53,7
16/03/2006;-54,5
15/03/2006;-55,1
14/03/2006;-55,6
13/03/2006;-56,1
10/03/2006;-64,9
09/03/2006;-66,4
08/03/2006;-31,9
07/03/2006;-33
06/03/2006;-34
03/03/2006;-35,8
02/03/2006;-36,4
01/03/2006;-36,9
28/02/2006;-37,4
27/02/2006;-37,9
24/02/2006;-55,5
23/02/2006;-25,3
22/02/2006;-15,6
21/02/2006;-17,7
20/02/2006;-20,4
17/02/2006;-26,1
16/02/2006;-27,5
15/02/2006;-28,9
14/02/2006;-30,1
13/02/2006;-25,2
10/02/2006;-25,1
09/02/2006;-25,4
08/02/2006;-25,7
07/02/2006;-26
06/02/2006;-52,9
03/02/2006;-62,3
02/02/2006;-64
01/02/2006;-65,5
31/01/2006;-66,9
30/01/2006;-68,1
27/01/2006;-71,1
26/01/2006;-72
25/01/2006;-92,6
24/01/2006;-93,4
23/01/2006;-94,3
20/01/2006;-100,2
19/01/2006;-101,5
18/01/2006;-102,7
17/01/2006;-103,8
16/01/2006;-113,5
13/01/2006;-116,2
12/01/2006;-117
11/01/2006;-117,8
10/01/2006;-116,1
09/01/2006;-93,5
06/01/2006;-92,9
05/01/2006;-93
04/01/2006;-93,1
03/01/2006;-93,2
02/01/2006;-91
30/12/2005;-88,5
29/12/2005;-88,1
28/12/2005;-87,8
27/12/2005;-87,6
26/12/2005;-87,4
23/12/2005;-87,2
22/12/2005;-87,2
21/12/2005;-87,2
20/12/2005;-76
19/12/2005;-75
16/12/2005;-73,9
15/12/2005;-73,7
14/12/2005;-73,5
13/12/2005;-49
12/12/2005;-45
09/12/2005;-39,6
08/12/2005;-38,5
07/12/2005;-37,6
06/12/2005;-38,3
05/12/2005;-43,4
02/12/2005;-49,3
01/12/2005;-50,3
30/11/2005;-51,2
29/11/2005;1
28/11/2005;0,6
25/11/2005;7,6
24/11/2005;8,7
23/11/2005;15,6
22/11/2005;16,3
21/11/2005;16,9
18/11/2005;18,4
17/11/2005;18,8
16/11/2005;3,8
15/11/2005;4,1
14/11/2005;4,4
11/11/2005;15,1
10/11/2005;18
09/11/2005;20,2
08/11/2005;48,5
07/11/2005;50,2
04/11/2005;54,2
03/11/2005;55,3
02/11/2005;56,3
01/11/2005;59,1
31/10/2005;61,1
28/10/2005;65,4
27/10/2005;66,5
26/10/2005;67,6
25/10/2005;80,7
24/10/2005;81,6
21/10/2005;84,1
20/10/2005;84,9
19/10/2005;85,6
18/10/2005;86,3
17/10/2005;90,3
14/10/2005;96,5
13/10/2005;81,7
12/10/2005;83
11/10/2005;84,1
10/10/2005;85,2
07/10/2005;79,6
06/10/2005;79,1
05/10/2005;63,2
04/10/2005;63
03/10/2005;64
30/09/2005;65,6
29/09/2005;66
28/09/2005;66,3
27/09/2005;66,6
26/09/2005;67
23/09/2005;67,9
22/09/2005;68,2
21/09/2005;62,4
20/09/2005;62,6
19/09/2005;64,3
16/09/2005;66,9
15/09/2005;67,5
14/09/2005;43
13/09/2005;43,4
12/09/2005;43,9
09/09/2005;37,6
08/09/2005;36
07/09/2005;72,2
06/09/2005;71,4
05/09/2005;70,7
02/09/2005;71,7
01/09/2005;72
31/08/2005;72,2
30/08/2005;45,9
29/08/2005;46
26/08/2005;37,9
25/08/2005;35,8
24/08/2005;34,2
23/08/2005;32,9
22/08/2005;31,8
19/08/2005;31,1
18/08/2005;30,7
17/08/2005;30,4
16/08/2005;30
15/08/2005;-11,4
12/08/2005;-12,6
11/08/2005;-12,9
10/08/2005;-13,3
09/08/2005;-13,6
08/08/2005;-3,3
05/08/2005;9,7
04/08/2005;-0,2
03/08/2005;1,9
02/08/2005;1
01/08/2005;1
29/07/2005;1,9
28/07/2005;2,3
27/07/2005;2,7
26/07/2005;3,1
25/07/2005;3,5
22/07/2005;8,2
21/07/2005;9,1
20/07/2005;-11,4
19/07/2005;-10,7
18/07/2005;-10,2
15/07/2005;-8,7
14/07/2005;-8,3
13/07/2005;-8
12/07/2005;19,6
11/07/2005;8,3
08/07/2005;-6,2
07/07/2005;-9
06/07/2005;-19,1
05/07/2005;-21
04/07/2005;-22,8
01/07/2005;-43,2
30/06/2005;-46,9
29/06/2005;-50,1
28/06/2005;-52,8
27/06/2005;-55,3
24/06/2005;-61,3
23/06/2005;-63
22/06/2005;-73,7
21/06/2005;-75,2
20/06/2005;-76,6
17/06/2005;-81,4
16/06/2005;-82,7
15/06/2005;-83,9
14/06/2005;-85
13/06/2005;-56
10/06/2005;-61,9
09/06/2005;-63,5
08/06/2005;-64,9
07/06/2005;-66,2
06/06/2005;-76,8
03/06/2005;-75,1
02/06/2005;-75,3
01/06/2005;-75,6
31/05/2005;-75,9
30/05/2005;-42,6
27/05/2005;-47
26/05/2005;-48,3
25/05/2005;-49,3
24/05/2005;-55,9
23/05/2005;-56,4
20/05/2005;-58,1
19/05/2005;-58,7
18/05/2005;-59,2
17/05/2005;-59,7
16/05/2005;-49,1
13/05/2005;-35,8
12/05/2005;-33,3
11/05/2005;-99,9
10/05/2005;-98,4
09/05/2005;-97,5
06/05/2005;-95,2
05/05/2005;-77,4
04/05/2005;-76,8
03/05/2005;-76,3
02/05/2005;-75,8
29/04/2005;-74,6
28/04/2005;-74,2
27/04/2005;-73,9
26/04/2005;-85,8
25/04/2005;-85,6
22/04/2005;-84,6
21/04/2005;-84,4
20/04/2005;-84,2
19/04/2005;-84
18/04/2005;-83,8
15/04/2005;-87,8
14/04/2005;-88,8
13/04/2005;-13
12/04/2005;-13,5
11/04/2005;-13,8
08/04/2005;-6,5
07/04/2005;-4,6
06/04/2005;-3,1
05/04/2005;51,1
04/04/2005;52,2
01/04/2005;55
31/03/2005;55,7
30/03/2005;56,5
29/03/2005;57,1
28/03/2005;57,7
25/03/2005;59,4
24/03/2005;59,9
23/03/2005;60,4
22/03/2005;63,9
21/03/2005;64,4
18/03/2005;60,1
17/03/2005;59,6
16/03/2005;59,3
15/03/2005;59
14/03/2005;71,5
11/03/2005;81,5
10/03/2005;83,1
09/03/2005;84,5
08/03/2005;70,1
07/03/2005;67,2
04/03/2005;64,6
03/03/2005;64,3
02/03/2005;64,1
01/03/2005;64
28/02/2005;78,4
25/02/2005;77,3
24/02/2005;74
23/02/2005;73,9
22/02/2005;74,5
21/02/2005;74,8
18/02/2005;75,5
17/02/2005;75,7
16/02/2005;3,5
15/02/2005;3,5
14/02/2005;3,4
11/02/2005;14,3
10/02/2005;16
09/02/2005;20,6
08/02/2005;21,8
07/02/2005;22,8
04/02/2005;26,3
03/02/2005;27,1
02/02/2005;27,8
01/02/2005;28,5
31/01/2005;29,2
28/01/2005;30,8
27/01/2005;31,3
26/01/2005;31,8
25/01/2005;32,2
24/01/2005;31,1
21/01/2005;32,2
20/01/2005;32,6
19/01/2005;32,9
18/01/2005;34,6
17/01/2005;53,5
14/01/2005;40
13/01/2005;36,4
12/01/2005;33,8
11/01/2005;31,7
10/01/2005;-2,8
07/01/2005;0,4
06/01/2005;3,5
05/01/2005;5,6
04/01/2005;7,1
03/01/2005;8,2
31/12/2004;10,4
30/12/2004;10,9
29/12/2004;11,3
28/12/2004;11,7
27/12/2004;12,1
24/12/2004;13
23/12/2004;13,2
22/12/2004;13,4
21/12/2004;31,8
20/12/2004;30,5
17/12/2004;29
16/12/2004;28,7
15/12/2004;28,5
14/12/2004;-2,8
13/12/2004;-2,1
10/12/2004;-1
09/12/2004;-0,7
08/12/2004;24,4
07/12/2004;24,6
06/12/2004;23,9
03/12/2004;23,2
02/12/2004;23,1
01/12/2004;23
30/11/2004;23
29/11/2004;27,8
26/11/2004;38,3
25/11/2004;36,6
24/11/2004;38,7
23/11/2004;40,5
22/11/2004;42,9
19/11/2004;47,7
18/11/2004;48,8
17/11/2004;49,9
16/11/2004;15,5
15/11/2004;16,3
12/11/2004;34,3
11/11/2004;37,5
10/11/2004;40,1
09/11/2004;39,3
08/11/2004;41,4
05/11/2004;46,4
04/11/2004;47,8
03/11/2004;49,1
02/11/2004;47,9
01/11/2004;47,7
29/10/2004;48,4
28/10/2004;48,8
27/10/2004;49,2
26/10/2004;49,7
25/10/2004;50,1
22/10/2004;51,5
21/10/2004;42,8
20/10/2004;43,2
19/10/2004;43,7
18/10/2004;110,2
15/10/2004;113
14/10/2004;113,8
13/10/2004;114,5
12/10/2004;115,2
11/10/2004;119,7
08/10/2004;79,7
07/10/2004;81,2
06/10/2004;82,5
05/10/2004;83,6
04/10/2004;85,4
01/10/2004;89,2
30/09/2004;90,2
29/09/2004;91,2
28/09/2004;92
27/09/2004;92,9
24/09/2004;95,2
23/09/2004;95,9
22/09/2004;107,2
21/09/2004;107,8
20/09/2004;112,4
17/09/2004;119,5
16/09/2004;111,1
15/09/2004;112,5
14/09/2004;113,8
13/09/2004;115
10/09/2004;129,4
09/09/2004;132,2
08/09/2004;140,8
07/09/2004;142,9
06/09/2004;144,8
03/09/2004;150,7
02/09/2004;152,2
01/09/2004;153,7
31/08/2004;155,1
30/08/2004;113,1
27/08/2004;116,3
26/08/2004;117,3
25/08/2004;112,2
24/08/2004;113,1
23/08/2004;119,5
20/08/2004;127,8
19/08/2004;129,6
18/08/2004;131,3
17/08/2004;81
16/08/2004;82,3
13/08/2004;87,3
12/08/2004;88,6
11/08/2004;89,7
10/08/2004;90,8
09/08/2004;91,9
06/08/2004;101,9
05/08/2004;120,2
04/08/2004;122,5
03/08/2004;124,6
02/08/2004;126,4
30/07/2004;131
29/07/2004;132,3
28/07/2004;133,6
27/07/2004;134,8
26/07/2004;135,9
23/07/2004;136,1
22/07/2004;136,3
21/07/2004;130,6
20/07/2004;131
19/07/2004;131,4
16/07/2004;130
15/07/2004;129,8
14/07/2004;104,7
13/07/2004;104,7
12/07/2004;104,7
09/07/2004;105,1
08/07/2004;105,3
07/07/2004;100,9
06/07/2004;101,1
05/07/2004;103,5
02/07/2004;107
01/07/2004;107,8
30/06/2004;108,6
29/06/2004;109,2
28/06/2004;109,9
25/06/2004;111,5
24/06/2004;112
23/06/2004;86,7
22/06/2004;87,1
21/06/2004;88
18/06/2004;89,7
17/06/2004;90,2
16/06/2004;90,6
15/06/2004;54,3
14/06/2004;54,6
11/06/2004;55,4
10/06/2004;55,7
09/06/2004;56
08/06/2004;53,1
07/06/2004;53,3
04/06/2004;58,8
03/06/2004;59,8
02/06/2004;60,6
01/06/2004;61,3
31/05/2004;62
28/05/2004;63,7
27/05/2004;64,2
26/05/2004;28,5
25/05/2004;19,6
24/05/2004;20,6
21/05/2004;12,3
20/05/2004;10,5
19/05/2004;9
18/05/2004;2,7
17/05/2004;1,5
14/05/2004;-1,3
13/05/2004;-2,1
12/05/2004;-2,8
11/05/2004;-3,5
10/05/2004;-33,7
07/05/2004;-35,6
06/05/2004;-36,1
05/05/2004;-36,6
04/05/2004;-38,8
03/05/2004;-40,3
30/04/2004;-43,2
29/04/2004;-44
28/04/2004;-44,7
27/04/2004;-45,4
26/04/2004;-33,9
23/04/2004;-35,4
22/04/2004;-35,9
21/04/2004;-36,3
20/04/2004;-36,8
19/04/2004;-25,5
16/04/2004;-26,5
15/04/2004;-26,9
14/04/2004;-27,2
13/04/2004;-27,5
12/04/2004;-27,8
09/04/2004;-28,6
08/04/2004;-28,9
07/04/2004;-43,2
06/04/2004;-43,4
05/04/2004;-47,3
02/04/2004;-52,8
01/04/2004;-54
31/03/2004;-55,1
30/03/2004;-56
29/03/2004;-56,9
26/03/2004;-59
25/03/2004;-59,7
24/03/2004;-63,3
23/03/2004;-63,9
22/03/2004;-64,4
19/03/2004;-65,9
18/03/2004;-66,4
17/03/2004;-66,8
16/03/2004;-67,3
15/03/2004;-67,7
12/03/2004;-68,9
11/03/2004;-69,3
10/03/2004;-69,6
09/03/2004;-85,6
08/03/2004;-85,9
05/03/2004;-87,8
04/03/2004;-88,5
03/03/2004;-89,2
02/03/2004;-89,8
01/03/2004;-90,3
27/02/2004;-91,7
26/02/2004;-31,9
25/02/2004;-32,1
24/02/2004;-32,4
23/02/2004;-32,6
20/02/2004;-55,5
19/02/2004;-59,3
18/02/2004;-62,4
17/02/2004;-65
16/02/2004;-67,4
13/02/2004;-73
12/02/2004;-74,5
11/02/2004;-76
10/02/2004;-77,3
09/02/2004;-78,6
06/02/2004;-82
05/02/2004;-72,1
04/02/2004;-73
03/02/2004;-73,9
02/02/2004;-74,8
30/01/2004;-67,6
29/01/2004;-66,7
28/01/2004;-66,2
27/01/2004;-65,8
26/01/2004;-65,6
23/01/2004;-65,2
22/01/2004;-65,2
21/01/2004;-65,2
20/01/2004;-65,3
19/01/2004;-65,3
16/01/2004;-65,6
15/01/2004;-65,7
14/01/2004;-65,8
13/01/2004;-66
12/01/2004;-66,1
09/01/2004;-66,5
08/01/2004;-66,7
07/01/2004;-43,5
06/01/2004;-43,6
05/01/2004;-43,7
02/01/2004;-45,5
01/01/2004;-46
31/12/2003;-46,4
30/12/2003;-46,7
29/12/2003;-47,1
26/12/2003;-47,9
25/12/2003;-48,1
24/12/2003;-48,3
23/12/2003;-48,5
22/12/2003;-48,7
19/12/2003;-49,3
18/12/2003;-49,5
17/12/2003;-49,7
16/12/2003;-49,8
15/12/2003;-50
12/12/2003;-50,5
11/12/2003;-50,6
10/12/2003;-50,8
09/12/2003;-50,9
08/12/2003;-51,1
05/12/2003;-46,8
04/12/2003;-46,9
03/12/2003;-47,1
02/12/2003;-50,5
01/12/2003;-52,6
28/11/2003;-56,3
27/11/2003;-57,2
26/11/2003;-57,9
25/11/2003;13,6
24/11/2003;-3,1
21/11/2003;-25,7
20/11/2003;-30,3
19/11/2003;-34,2
18/11/2003;-37,6
17/11/2003;-40,6
14/11/2003;-47,9
13/11/2003;-50
12/11/2003;-51,9
11/11/2003;-53,7
10/11/2003;-55,3
07/11/2003;-59,8
06/11/2003;-61,1
05/11/2003;-62,4
04/11/2003;-94,7
03/11/2003;-96
31/10/2003;-109,6
30/10/2003;-112,3
29/10/2003;-114,7
28/10/2003;-116,8
27/10/2003;-118,8
24/10/2003;-123,8
23/10/2003;-125,3
22/10/2003;-126,7
21/10/2003;-128
20/10/2003;-129,3
17/10/2003;-132,9
16/10/2003;-133,9
15/10/2003;-135
14/10/2003;-136
13/10/2003;-137
10/10/2003;-139,9
09/10/2003;-140,7
08/10/2003;-141,6
07/10/2003;-142,4
06/10/2003;-137
03/10/2003;-140,5
02/10/2003;-141,5
01/10/2003;-142,5
30/09/2003;-143,4
29/09/2003;-144,2
26/09/2003;-146,6
25/09/2003;-147,3
24/09/2003;-148
23/09/2003;-148,7
22/09/2003;-149,4
19/09/2003;-151,4
18/09/2003;-152
17/09/2003;-152,6
16/09/2003;-153,2
15/09/2003;-153,8
12/09/2003;-155,5
11/09/2003;-156,1
10/09/2003;-156,6
09/09/2003;-157,1
08/09/2003;-157,7
05/09/2003;-164,5
04/09/2003;-146,2
03/09/2003;-148,8
02/09/2003;-151
01/09/2003;-152,8
29/08/2003;-157,1
28/08/2003;-158,3
27/08/2003;-53,5
26/08/2003;-54,3
25/08/2003;-55,7
22/08/2003;-58,7
21/08/2003;-59,5
20/08/2003;-60,2
19/08/2003;-60,9
18/08/2003;-61,5
15/08/2003;-63,2
14/08/2003;-63,7
13/08/2003;-64,2
12/08/2003;-64,7
11/08/2003;-65,2
08/08/2003;-66,4
07/08/2003;-66,9
06/08/2003;-67,2
05/08/2003;-32,9
04/08/2003;-32,5
01/08/2003;-32,2
31/07/2003;-32,1
30/07/2003;-32,2
29/07/2003;-32,2
28/07/2003;-32,3
25/07/2003;-32,5
24/07/2003;-32,6
23/07/2003;-32,7
22/07/2003;-32,8
21/07/2003;-32,9
18/07/2003;-33,2
17/07/2003;-33,3
16/07/2003;-33,4
15/07/2003;-33,5
14/07/2003;-33,6
11/07/2003;-33,9
10/07/2003;-34
09/07/2003;-34,1
08/07/2003;-34,2
07/07/2003;-29,6
04/07/2003;-32,2
03/07/2003;-32,8
02/07/2003;-33,4
01/07/2003;-33,9
30/06/2003;-34,3
27/06/2003;-35,2
26/06/2003;-35,5
25/06/2003;-35,8
24/06/2003;-36
23/06/2003;-36,3
20/06/2003;-36,9
19/06/2003;-37,1
18/06/2003;-37,3
17/06/2003;-37,4
16/06/2003;-37,6
13/06/2003;-38,1
12/06/2003;-38,3
11/06/2003;-38,4
10/06/2003;-36,2
09/06/2003;-34,9
06/06/2003;1,5
05/06/2003;2
04/06/2003;2,4
03/06/2003;2,7
02/06/2003;3,1
30/05/2003;3,8
29/05/2003;4,1
28/05/2003;9,1
27/05/2003;9,3
26/05/2003;8
23/05/2003;6,5
22/05/2003;6,3
21/05/2003;6,1
20/05/2003;5,9
19/05/2003;5,8
16/05/2003;5,5
15/05/2003;5,5
14/05/2003;5,4
13/05/2003;5,4
12/05/2003;5,3
09/05/2003;5,2
08/05/2003;-2,6
07/05/2003;-2,6
06/05/2003;-2,7
05/05/2003;-4,6
02/05/2003;-7,3
01/05/2003;-7,8
30/04/2003;-8,2
29/04/2003;-8,6
28/04/2003;-9
25/04/2003;-9,9
24/04/2003;-10,1
23/04/2003;-10,3
22/04/2003;-10,5
21/04/2003;-10,7
18/04/2003;-11,3
17/04/2003;-11,4
16/04/2003;-11,6
15/04/2003;-11,7
14/04/2003;-11,8
11/04/2003;-12,2
10/04/2003;-12,3
09/04/2003;-12,5
08/04/2003;-12,6
07/04/2003;-6,4
04/04/2003;-10,8
03/04/2003;-11,7
02/04/2003;-12,4
01/04/2003;-13,1
31/03/2003;-13,7
28/03/2003;-15,2
27/03/2003;-15,6
26/03/2003;-16
25/03/2003;-16,3
24/03/2003;-16,7
21/03/2003;-17,6
20/03/2003;-17,9
19/03/2003;-18,1
18/03/2003;-18,4
17/03/2003;-18,5
14/03/2003;-19
13/03/2003;-34,8
12/03/2003;-35
11/03/2003;-35,2
10/03/2003;-35,4
07/03/2003;-31,2
06/03/2003;-28,6
05/03/2003;-26,8
04/03/2003;-25,4
03/03/2003;-24,3
28/02/2003;-22
27/02/2003;-21,5
26/02/2003;-11,3
25/02/2003;-5,7
24/02/2003;-2,2
21/02/2003;4
20/02/2003;5,4
19/02/2003;6,7
18/02/2003;7,8
17/02/2003;10,2
14/02/2003;14,5
13/02/2003;15,6
12/02/2003;16,5
11/02/2003;17,4
10/02/2003;18,3
07/02/2003;20,4
06/02/2003;21,1
05/02/2003;34,2
04/02/2003;34,8
03/02/2003;34,4
31/01/2003;34,7
30/01/2003;35
29/01/2003;35,2
28/01/2003;35,5
27/01/2003;35,8
24/01/2003;36,6
23/01/2003;36,9
22/01/2003;37,2
21/01/2003;37,4
20/01/2003;37,7
17/01/2003;35,7
16/01/2003;35,5
15/01/2003;35,3
14/01/2003;35,3
13/01/2003;35,2
10/01/2003;35,3
09/01/2003;35,3
08/01/2003;55,6
07/01/2003;55,7
06/01/2003;55,9
03/01/2003;54
02/01/2003;53,5
01/01/2003;53,2
